;data;hora;chuva;nivel;vazao diaria
0;2021-06-01;23:45:00;0.0;;0.0
1;2021-06-01;23:30:00;0.0;;0.0
2;2021-06-01;23:15:00;0.0;;0.0
3;2021-06-01;23:00:00;0.0;;0.0
4;2021-06-01;22:45:00;0.0;;0.0
5;2021-06-01;22:30:00;0.0;;0.0
6;2021-06-01;22:15:00;0.0;;0.0
7;2021-06-01;22:00:00;0.0;;0.0
8;2021-06-01;21:45:00;0.0;;0.0
9;2021-06-01;21:30:00;0.0;;0.0
10;2021-06-01;21:15:00;0.0;;0.0
11;2021-06-01;21:00:00;0.0;;0.0
12;2021-06-01;20:45:00;0.0;;0.0
13;2021-06-01;20:30:00;0.0;;0.0
14;2021-06-01;20:15:00;0.0;;0.0
15;2021-06-01;20:00:00;0.0;;0.0
16;2021-06-01;19:45:00;0.0;;0.0
17;2021-06-01;19:30:00;0.0;;0.0
18;2021-06-01;19:15:00;0.0;;0.0
19;2021-06-01;19:00:00;0.0;;0.0
20;2021-06-01;18:45:00;0.0;;0.0
21;2021-06-01;18:30:00;0.0;;0.0
22;2021-06-01;18:15:00;0.0;;0.0
23;2021-06-01;18:00:00;0.0;;0.0
24;2021-06-01;17:45:00;0.0;;0.0
25;2021-06-01;17:30:00;0.0;;0.0
26;2021-06-01;17:15:00;0.0;;0.0
27;2021-06-01;17:00:00;0.0;27.0;0.0
28;2021-06-01;16:45:00;0.0;;0.0
29;2021-06-01;16:30:00;0.0;;0.0
30;2021-06-01;16:15:00;0.0;;0.0
31;2021-06-01;16:00:00;0.0;;0.0
32;2021-06-01;15:45:00;0.0;;0.0
33;2021-06-01;15:30:00;0.0;;0.0
34;2021-06-01;15:15:00;0.0;;0.0
35;2021-06-01;15:00:00;0.0;;0.0
36;2021-06-01;14:45:00;0.0;;0.0
37;2021-06-01;14:30:00;0.0;;0.0
38;2021-06-01;14:15:00;0.0;;0.0
39;2021-06-01;14:00:00;0.0;;0.0
40;2021-06-01;13:45:00;0.0;;0.0
41;2021-06-01;13:30:00;0.0;;0.0
42;2021-06-01;13:15:00;0.0;;0.0
43;2021-06-01;13:00:00;0.0;;0.0
44;2021-06-01;12:45:00;0.0;;0.0
45;2021-06-01;12:30:00;0.0;;0.0
46;2021-06-01;12:15:00;0.0;;0.0
47;2021-06-01;12:00:00;0.0;;0.0
48;2021-06-01;11:45:00;0.0;;0.0
49;2021-06-01;11:30:00;0.0;;0.0
50;2021-06-01;11:15:00;0.0;;0.0
51;2021-06-01;11:00:00;0.0;;0.0
52;2021-06-01;10:45:00;0.0;;0.0
53;2021-06-01;10:30:00;0.0;;0.0
54;2021-06-01;10:15:00;0.0;;0.0
55;2021-06-01;10:00:00;0.0;;0.0
56;2021-06-01;09:45:00;0.0;;0.0
57;2021-06-01;09:30:00;0.0;;0.0
58;2021-06-01;09:15:00;0.0;;0.0
59;2021-06-01;09:00:00;0.0;;0.0
60;2021-06-01;08:45:00;0.0;;0.0
61;2021-06-01;08:30:00;0.0;;0.0
62;2021-06-01;08:15:00;0.0;;0.0
63;2021-06-01;08:00:00;0.0;;0.0
64;2021-06-01;07:45:00;0.0;;0.0
65;2021-06-01;07:30:00;0.0;;0.0
66;2021-06-01;07:15:00;0.0;;0.0
67;2021-06-01;07:00:00;0.0;27.0;0.0
68;2021-06-01;06:45:00;0.0;;0.0
69;2021-06-01;06:30:00;0.0;;0.0
70;2021-06-01;06:15:00;0.0;;0.0
71;2021-06-01;06:00:00;0.0;;0.0
72;2021-06-01;05:45:00;0.0;;0.0
73;2021-06-01;05:30:00;0.0;;0.0
74;2021-06-01;05:15:00;0.0;;0.0
75;2021-06-01;05:00:00;0.0;;0.0
76;2021-06-01;04:45:00;0.0;;0.0
77;2021-06-01;04:30:00;0.0;;0.0
78;2021-06-01;04:15:00;0.0;;0.0
79;2021-06-01;04:00:00;0.0;;0.0
80;2021-06-01;03:45:00;0.0;;0.0
81;2021-06-01;03:30:00;0.0;;0.0
82;2021-06-01;03:15:00;0.0;;0.0
83;2021-06-01;03:00:00;0.0;;0.0
84;2021-06-01;02:45:00;0.0;;0.0
85;2021-06-01;02:30:00;0.0;;0.0
86;2021-06-01;02:15:00;0.0;;0.0
87;2021-06-01;02:00:00;0.0;;0.0
88;2021-06-01;01:45:00;0.0;;0.0
89;2021-06-01;01:30:00;0.0;;0.0
90;2021-06-01;01:15:00;0.0;;0.0
91;2021-06-01;01:00:00;0.0;;0.0
92;2021-06-01;00:45:00;0.0;;0.0
93;2021-06-01;00:30:00;0.0;;0.0
94;2021-06-01;00:15:00;0.0;;0.0
95;2021-06-01;00:00:00;0.0;;
96;2021-05-31;23:45:00;0.0;;
97;2021-05-31;23:30:00;0.0;;
98;2021-05-31;23:15:00;0.0;;
99;2021-05-31;23:00:00;0.0;;
100;2021-05-31;22:45:00;0.0;;
101;2021-05-31;22:30:00;0.0;;
102;2021-05-31;22:15:00;0.0;;
103;2021-05-31;22:00:00;0.0;;
104;2021-05-31;21:45:00;0.0;;
105;2021-05-31;21:30:00;0.0;;
106;2021-05-31;21:15:00;0.0;;
107;2021-05-31;21:00:00;0.0;;
108;2021-05-31;20:45:00;0.0;;
109;2021-05-31;20:30:00;0.0;;
110;2021-05-31;20:15:00;0.0;;
111;2021-05-31;20:00:00;0.0;;
112;2021-05-31;19:45:00;0.0;;
113;2021-05-31;19:30:00;0.0;;
114;2021-05-31;19:15:00;0.0;;
115;2021-05-31;19:00:00;0.0;;
116;2021-05-31;18:45:00;0.0;;
117;2021-05-31;18:30:00;0.0;;
118;2021-05-31;18:15:00;0.0;;
119;2021-05-31;18:00:00;0.0;;
120;2021-05-31;17:45:00;0.0;;
121;2021-05-31;17:30:00;0.0;;
122;2021-05-31;17:15:00;0.0;;
123;2021-05-31;17:00:00;0.0;27.0;
124;2021-05-31;16:45:00;0.0;;
125;2021-05-31;16:30:00;0.0;;
126;2021-05-31;16:15:00;0.0;;
127;2021-05-31;16:00:00;0.0;;
128;2021-05-31;15:45:00;0.0;;
129;2021-05-31;15:30:00;0.0;;
130;2021-05-31;15:15:00;0.0;;
131;2021-05-31;15:00:00;0.0;;
132;2021-05-31;14:45:00;0.0;;
133;2021-05-31;14:30:00;0.0;;
134;2021-05-31;14:15:00;0.0;;
135;2021-05-31;14:00:00;0.0;;
136;2021-05-31;13:45:00;0.0;;
137;2021-05-31;13:30:00;0.0;;
138;2021-05-31;13:15:00;0.0;;
139;2021-05-31;13:00:00;0.0;;
140;2021-05-31;12:45:00;0.0;;
141;2021-05-31;12:30:00;0.0;;
142;2021-05-31;12:15:00;0.0;;
143;2021-05-31;12:00:00;0.0;;
144;2021-05-31;11:45:00;0.0;;
145;2021-05-31;11:30:00;0.0;;
146;2021-05-31;11:15:00;0.0;;
147;2021-05-31;11:00:00;0.0;;
148;2021-05-31;10:45:00;0.0;;
149;2021-05-31;10:30:00;0.0;;
150;2021-05-31;10:15:00;0.0;;
151;2021-05-31;10:00:00;0.0;;
152;2021-05-31;09:45:00;0.0;;
153;2021-05-31;09:30:00;0.0;;
154;2021-05-31;09:15:00;0.0;;
155;2021-05-31;09:00:00;0.0;;
156;2021-05-31;08:45:00;0.0;;
157;2021-05-31;08:30:00;0.0;;
158;2021-05-31;08:15:00;0.0;;
159;2021-05-31;08:00:00;0.0;;
160;2021-05-31;07:45:00;0.0;;
161;2021-05-31;07:30:00;0.0;;
162;2021-05-31;07:15:00;0.0;;
163;2021-05-31;07:00:00;0.0;27.0;
164;2021-05-31;06:45:00;0.0;;
165;2021-05-31;06:30:00;0.0;;
166;2021-05-31;06:15:00;0.0;;
167;2021-05-31;06:00:00;0.0;;
168;2021-05-31;05:45:00;0.0;;
169;2021-05-31;05:30:00;0.0;;
170;2021-05-31;05:15:00;0.0;;
171;2021-05-31;05:00:00;0.0;;
172;2021-05-31;04:45:00;0.0;;
173;2021-05-31;04:30:00;0.0;;
174;2021-05-31;04:15:00;0.0;;
175;2021-05-31;04:00:00;0.0;;
176;2021-05-31;03:45:00;0.0;;
177;2021-05-31;03:30:00;0.0;;
178;2021-05-31;03:15:00;0.0;;
179;2021-05-31;03:00:00;0.0;;
180;2021-05-31;02:45:00;0.0;;
181;2021-05-31;02:30:00;0.0;;
182;2021-05-31;02:15:00;0.0;;
183;2021-05-31;02:00:00;0.0;;
184;2021-05-31;01:45:00;0.0;;
185;2021-05-31;01:30:00;0.0;;
186;2021-05-31;01:15:00;0.0;;
187;2021-05-31;01:00:00;0.0;;
188;2021-05-31;00:45:00;0.0;;
189;2021-05-31;00:30:00;0.0;;
190;2021-05-31;00:15:00;0.0;;
191;2021-05-31;00:00:00;0.0;;
192;2021-05-30;23:45:00;0.0;;
193;2021-05-30;23:30:00;0.0;;
194;2021-05-30;23:15:00;0.0;;
195;2021-05-30;23:00:00;0.0;;
196;2021-05-30;22:45:00;0.0;;
197;2021-05-30;22:30:00;0.0;;
198;2021-05-30;22:15:00;0.0;;
199;2021-05-30;22:00:00;0.0;;
200;2021-05-30;21:45:00;0.0;;
201;2021-05-30;21:30:00;0.0;;
202;2021-05-30;21:15:00;0.0;;
203;2021-05-30;21:00:00;0.0;;
204;2021-05-30;20:45:00;0.0;;
205;2021-05-30;20:30:00;0.0;;
206;2021-05-30;20:15:00;0.0;;
207;2021-05-30;20:00:00;0.0;;
208;2021-05-30;19:45:00;0.0;;
209;2021-05-30;19:30:00;0.0;;
210;2021-05-30;19:15:00;0.0;;
211;2021-05-30;19:00:00;0.0;;
212;2021-05-30;18:45:00;0.0;;
213;2021-05-30;18:30:00;0.0;;
214;2021-05-30;18:15:00;0.0;;
215;2021-05-30;18:00:00;0.0;;
216;2021-05-30;17:45:00;0.0;;
217;2021-05-30;17:30:00;0.0;;
218;2021-05-30;17:15:00;0.0;;
219;2021-05-30;17:00:00;0.0;27.0;
220;2021-05-30;16:45:00;0.0;;
221;2021-05-30;16:30:00;0.0;;
222;2021-05-30;16:15:00;0.0;;
223;2021-05-30;16:00:00;0.0;;
224;2021-05-30;15:45:00;0.0;;
225;2021-05-30;15:30:00;0.0;;
226;2021-05-30;15:15:00;0.0;;
227;2021-05-30;15:00:00;0.0;;
228;2021-05-30;14:45:00;0.0;;
229;2021-05-30;14:30:00;0.0;;
230;2021-05-30;14:15:00;0.0;;
231;2021-05-30;14:00:00;0.0;;
232;2021-05-30;13:45:00;0.0;;
233;2021-05-30;13:30:00;0.0;;
234;2021-05-30;13:15:00;0.0;;
235;2021-05-30;13:00:00;0.0;;
236;2021-05-30;12:45:00;0.0;;
237;2021-05-30;12:30:00;0.0;;
238;2021-05-30;12:15:00;0.0;;
239;2021-05-30;12:00:00;0.0;;
240;2021-05-30;11:45:00;0.0;;
241;2021-05-30;11:30:00;0.0;;
242;2021-05-30;11:15:00;0.0;;
243;2021-05-30;11:00:00;0.0;;
244;2021-05-30;10:45:00;0.0;;
245;2021-05-30;10:30:00;0.0;;
246;2021-05-30;10:15:00;0.0;;
247;2021-05-30;10:00:00;0.0;;
248;2021-05-30;09:45:00;0.0;;
249;2021-05-30;09:30:00;0.0;;
250;2021-05-30;09:15:00;0.0;;
251;2021-05-30;09:00:00;0.0;;
252;2021-05-30;08:45:00;0.0;;
253;2021-05-30;08:30:00;0.0;;
254;2021-05-30;08:15:00;0.0;;
255;2021-05-30;08:00:00;0.0;;
256;2021-05-30;07:45:00;0.0;;
257;2021-05-30;07:30:00;0.0;;
258;2021-05-30;07:15:00;0.0;;
259;2021-05-30;07:00:00;0.0;27.0;
260;2021-05-30;06:45:00;0.0;;
261;2021-05-30;06:30:00;0.0;;
262;2021-05-30;06:15:00;0.0;;
263;2021-05-30;06:00:00;0.0;;
264;2021-05-30;05:45:00;0.0;;
265;2021-05-30;05:30:00;0.0;;
266;2021-05-30;05:15:00;0.0;;
267;2021-05-30;05:00:00;0.0;;
268;2021-05-30;04:45:00;0.0;;
269;2021-05-30;04:30:00;0.0;;
270;2021-05-30;04:15:00;0.0;;
271;2021-05-30;04:00:00;0.0;;
272;2021-05-30;03:45:00;0.0;;
273;2021-05-30;03:30:00;0.0;;
274;2021-05-30;03:15:00;0.0;;
275;2021-05-30;03:00:00;0.0;;
276;2021-05-30;02:45:00;0.0;;
277;2021-05-30;02:30:00;0.0;;
278;2021-05-30;02:15:00;0.0;;
279;2021-05-30;02:00:00;0.0;;
280;2021-05-30;01:45:00;0.0;;
281;2021-05-30;01:30:00;0.0;;
282;2021-05-30;01:15:00;0.0;;
283;2021-05-30;01:00:00;0.0;;
284;2021-05-30;00:45:00;0.0;;
285;2021-05-30;00:30:00;0.0;;
286;2021-05-30;00:15:00;0.0;;
287;2021-05-30;00:00:00;0.0;;
288;2021-05-29;23:45:00;0.0;;
289;2021-05-29;23:30:00;0.0;;
290;2021-05-29;23:15:00;0.0;;
291;2021-05-29;23:00:00;0.0;;
292;2021-05-29;22:45:00;0.0;;
293;2021-05-29;22:30:00;0.0;;
294;2021-05-29;22:15:00;0.0;;
295;2021-05-29;22:00:00;0.0;;
296;2021-05-29;21:45:00;0.0;;
297;2021-05-29;21:30:00;0.0;;
298;2021-05-29;21:15:00;0.0;;
299;2021-05-29;21:00:00;0.0;;
300;2021-05-29;20:45:00;0.0;;
301;2021-05-29;20:30:00;0.0;;
302;2021-05-29;20:15:00;0.0;;
303;2021-05-29;20:00:00;0.0;;
304;2021-05-29;19:45:00;0.0;;
305;2021-05-29;19:30:00;0.0;;
306;2021-05-29;19:15:00;0.0;;
307;2021-05-29;19:00:00;0.0;;
308;2021-05-29;18:45:00;0.0;;
309;2021-05-29;18:30:00;0.0;;
310;2021-05-29;18:15:00;0.0;;
311;2021-05-29;18:00:00;0.0;;
312;2021-05-29;17:45:00;0.0;;
313;2021-05-29;17:30:00;0.0;;
314;2021-05-29;17:15:00;0.0;;
315;2021-05-29;17:00:00;0.0;27.0;
316;2021-05-29;16:45:00;0.0;;
317;2021-05-29;16:30:00;0.0;;
318;2021-05-29;16:15:00;0.0;;
319;2021-05-29;16:00:00;0.0;;
320;2021-05-29;15:45:00;0.0;;
321;2021-05-29;15:30:00;0.0;;
322;2021-05-29;15:15:00;0.0;;
323;2021-05-29;15:00:00;0.0;;
324;2021-05-29;14:45:00;0.0;;
325;2021-05-29;14:30:00;0.0;;
326;2021-05-29;14:15:00;0.0;;
327;2021-05-29;14:00:00;0.0;;
328;2021-05-29;13:45:00;0.0;;
329;2021-05-29;13:30:00;0.0;;
330;2021-05-29;13:15:00;0.0;;
331;2021-05-29;13:00:00;0.0;;
332;2021-05-29;12:45:00;0.0;;
333;2021-05-29;12:30:00;0.0;;
334;2021-05-29;12:15:00;0.0;;
335;2021-05-29;12:00:00;0.0;;
336;2021-05-29;11:45:00;0.0;;
337;2021-05-29;11:30:00;0.0;;
338;2021-05-29;11:15:00;0.0;;
339;2021-05-29;11:00:00;0.0;;
340;2021-05-29;10:45:00;0.0;;
341;2021-05-29;10:30:00;0.0;;
342;2021-05-29;10:15:00;0.0;;
343;2021-05-29;10:00:00;0.0;;
344;2021-05-29;09:45:00;0.0;;
345;2021-05-29;09:30:00;0.0;;
346;2021-05-29;09:15:00;0.0;;
347;2021-05-29;09:00:00;0.0;;
348;2021-05-29;08:45:00;0.0;;
349;2021-05-29;08:30:00;0.0;;
350;2021-05-29;08:15:00;0.0;;
351;2021-05-29;08:00:00;0.0;;
352;2021-05-29;07:45:00;0.0;;
353;2021-05-29;07:30:00;0.0;;
354;2021-05-29;07:15:00;0.0;;
355;2021-05-29;07:00:00;0.0;27.0;
356;2021-05-29;06:45:00;0.0;;
357;2021-05-29;06:30:00;0.0;;
358;2021-05-29;06:15:00;0.0;;
359;2021-05-29;06:00:00;0.0;;
360;2021-05-29;05:45:00;0.0;;
361;2021-05-29;05:30:00;0.0;;
362;2021-05-29;05:15:00;0.0;;
363;2021-05-29;05:00:00;0.0;;
364;2021-05-29;04:45:00;0.0;;
365;2021-05-29;04:30:00;0.0;;
366;2021-05-29;04:15:00;0.0;;
367;2021-05-29;04:00:00;0.0;;
368;2021-05-29;03:45:00;0.0;;
369;2021-05-29;03:30:00;0.0;;
370;2021-05-29;03:15:00;0.0;;
371;2021-05-29;03:00:00;0.0;;
372;2021-05-29;02:45:00;0.0;;
373;2021-05-29;02:30:00;0.0;;
374;2021-05-29;02:15:00;0.0;;
375;2021-05-29;02:00:00;0.0;;
376;2021-05-29;01:45:00;0.0;;
377;2021-05-29;01:30:00;0.0;;
378;2021-05-29;01:15:00;0.0;;
379;2021-05-29;01:00:00;0.0;;
380;2021-05-29;00:45:00;0.0;;
381;2021-05-29;00:30:00;0.0;;
382;2021-05-29;00:15:00;0.0;;
383;2021-05-29;00:00:00;0.0;;
384;2021-05-28;23:45:00;0.0;;
385;2021-05-28;23:30:00;0.0;;
386;2021-05-28;23:15:00;0.0;;
387;2021-05-28;23:00:00;0.0;;
388;2021-05-28;22:45:00;0.0;;
389;2021-05-28;22:30:00;0.0;;
390;2021-05-28;22:15:00;0.0;;
391;2021-05-28;22:00:00;0.0;;
392;2021-05-28;21:45:00;0.0;;
393;2021-05-28;21:30:00;0.0;;
394;2021-05-28;21:15:00;0.0;;
395;2021-05-28;21:00:00;0.0;;
396;2021-05-28;20:45:00;0.0;;
397;2021-05-28;20:30:00;0.0;;
398;2021-05-28;20:15:00;0.0;;
399;2021-05-28;20:00:00;0.0;;
400;2021-05-28;19:45:00;0.0;;
401;2021-05-28;19:30:00;0.0;;
402;2021-05-28;19:15:00;0.0;;
403;2021-05-28;19:00:00;0.0;;
404;2021-05-28;18:45:00;0.0;;
405;2021-05-28;18:30:00;0.0;;
406;2021-05-28;18:15:00;0.0;;
407;2021-05-28;18:00:00;0.0;;
408;2021-05-28;17:45:00;0.0;;
409;2021-05-28;17:30:00;0.0;;
410;2021-05-28;17:15:00;0.0;;
411;2021-05-28;17:00:00;0.0;27.0;
412;2021-05-28;16:45:00;0.0;;
413;2021-05-28;16:30:00;0.0;;
414;2021-05-28;16:15:00;0.0;;
415;2021-05-28;16:00:00;0.0;;
416;2021-05-28;15:45:00;0.0;;
417;2021-05-28;15:30:00;0.0;;
418;2021-05-28;15:15:00;0.0;;
419;2021-05-28;15:00:00;0.0;;
420;2021-05-28;14:45:00;0.0;;
421;2021-05-28;14:30:00;0.0;;
422;2021-05-28;14:15:00;0.0;;
423;2021-05-28;14:00:00;0.0;;
424;2021-05-28;13:45:00;0.0;;
425;2021-05-28;13:30:00;0.0;;
426;2021-05-28;13:15:00;0.0;;
427;2021-05-28;13:00:00;0.0;;
428;2021-05-28;12:45:00;0.0;;
429;2021-05-28;12:30:00;0.0;;
430;2021-05-28;12:15:00;0.0;;
431;2021-05-28;12:00:00;0.0;;
432;2021-05-28;11:45:00;0.0;;
433;2021-05-28;11:30:00;0.0;;
434;2021-05-28;11:15:00;0.0;;
435;2021-05-28;11:00:00;0.0;;
436;2021-05-28;10:45:00;0.0;;
437;2021-05-28;10:30:00;0.0;;
438;2021-05-28;10:15:00;0.0;;
439;2021-05-28;10:00:00;0.0;;
440;2021-05-28;09:45:00;0.0;;
441;2021-05-28;09:30:00;0.0;;
442;2021-05-28;09:15:00;0.0;;
443;2021-05-28;09:00:00;0.0;;
444;2021-05-28;08:45:00;0.0;;
445;2021-05-28;08:30:00;0.0;;
446;2021-05-28;08:15:00;0.0;;
447;2021-05-28;08:00:00;0.0;;
448;2021-05-28;07:45:00;0.0;;
449;2021-05-28;07:30:00;0.0;;
450;2021-05-28;07:15:00;0.0;;
451;2021-05-28;07:00:00;0.0;27.0;
452;2021-05-28;06:45:00;0.0;;
453;2021-05-28;06:30:00;0.0;;
454;2021-05-28;06:15:00;0.0;;
455;2021-05-28;06:00:00;0.0;;
456;2021-05-28;05:45:00;0.0;;
457;2021-05-28;05:30:00;0.0;;
458;2021-05-28;05:15:00;0.0;;
459;2021-05-28;05:00:00;0.0;;
460;2021-05-28;04:45:00;0.0;;
461;2021-05-28;04:30:00;0.0;;
462;2021-05-28;04:15:00;0.0;;
463;2021-05-28;04:00:00;0.0;;
464;2021-05-28;03:45:00;0.0;;
465;2021-05-28;03:30:00;0.0;;
466;2021-05-28;03:15:00;0.0;;
467;2021-05-28;03:00:00;0.0;;
468;2021-05-28;02:45:00;0.0;;
469;2021-05-28;02:30:00;0.0;;
470;2021-05-28;02:15:00;0.0;;
471;2021-05-28;02:00:00;0.0;;
472;2021-05-28;01:45:00;0.0;;
473;2021-05-28;01:30:00;0.0;;
474;2021-05-28;01:15:00;0.0;;
475;2021-05-28;01:00:00;0.0;;
476;2021-05-28;00:45:00;0.0;;
477;2021-05-28;00:30:00;0.0;;
478;2021-05-28;00:15:00;0.0;;
479;2021-05-28;00:00:00;0.0;;
480;2021-05-27;23:45:00;0.0;;
481;2021-05-27;23:30:00;0.0;;
482;2021-05-27;23:15:00;0.0;;
483;2021-05-27;23:00:00;0.0;;
484;2021-05-27;22:45:00;0.0;;
485;2021-05-27;22:30:00;0.0;;
486;2021-05-27;22:15:00;0.0;;
487;2021-05-27;22:00:00;0.0;;
488;2021-05-27;21:45:00;0.0;;
489;2021-05-27;21:30:00;0.0;;
490;2021-05-27;21:15:00;0.0;;
491;2021-05-27;21:00:00;0.0;;
492;2021-05-27;20:45:00;0.0;;
493;2021-05-27;20:30:00;0.0;;
494;2021-05-27;20:15:00;0.0;;
495;2021-05-27;20:00:00;0.0;;
496;2021-05-27;19:45:00;0.0;;
497;2021-05-27;19:30:00;0.0;;
498;2021-05-27;19:15:00;0.0;;
499;2021-05-27;19:00:00;0.0;;
500;2021-05-27;18:45:00;0.0;;
501;2021-05-27;18:30:00;0.0;;
502;2021-05-27;18:15:00;0.0;;
503;2021-05-27;18:00:00;0.0;;
504;2021-05-27;17:45:00;0.0;;
505;2021-05-27;17:30:00;0.0;;
506;2021-05-27;17:15:00;0.0;;
507;2021-05-27;17:00:00;0.0;27.0;
508;2021-05-27;16:45:00;0.0;;
509;2021-05-27;16:30:00;0.0;;
510;2021-05-27;16:15:00;0.0;;
511;2021-05-27;16:00:00;0.0;;
512;2021-05-27;15:45:00;0.0;;
513;2021-05-27;15:30:00;0.0;;
514;2021-05-27;15:15:00;0.0;;
515;2021-05-27;15:00:00;0.0;;
516;2021-05-27;14:45:00;0.0;;
517;2021-05-27;14:30:00;0.0;;
518;2021-05-27;14:15:00;0.0;;
519;2021-05-27;14:00:00;0.0;;
520;2021-05-27;13:45:00;0.0;;
521;2021-05-27;13:30:00;0.0;;
522;2021-05-27;13:15:00;0.0;;
523;2021-05-27;13:00:00;0.0;;
524;2021-05-27;12:45:00;0.0;;
525;2021-05-27;12:30:00;0.0;;
526;2021-05-27;12:15:00;0.0;;
527;2021-05-27;12:00:00;0.0;;
528;2021-05-27;11:45:00;0.0;;
529;2021-05-27;11:30:00;0.0;;
530;2021-05-27;11:15:00;0.0;;
531;2021-05-27;11:00:00;0.0;;
532;2021-05-27;10:45:00;0.0;;
533;2021-05-27;10:30:00;0.0;;
534;2021-05-27;10:15:00;0.0;;
535;2021-05-27;10:00:00;0.0;;
536;2021-05-27;09:45:00;0.0;;
537;2021-05-27;09:30:00;0.0;;
538;2021-05-27;09:15:00;0.0;;
539;2021-05-27;09:00:00;0.0;;
540;2021-05-27;08:45:00;0.0;;
541;2021-05-27;08:30:00;0.0;;
542;2021-05-27;08:15:00;0.0;;
543;2021-05-27;08:00:00;0.0;;
544;2021-05-27;07:45:00;0.0;;
545;2021-05-27;07:30:00;0.0;;
546;2021-05-27;07:15:00;0.0;;
547;2021-05-27;07:00:00;0.0;27.0;
548;2021-05-27;06:45:00;0.0;;
549;2021-05-27;06:30:00;0.0;;
550;2021-05-27;06:15:00;0.0;;
551;2021-05-27;06:00:00;0.0;;
552;2021-05-27;05:45:00;0.0;;
553;2021-05-27;05:30:00;0.0;;
554;2021-05-27;05:15:00;0.0;;
555;2021-05-27;05:00:00;0.0;;
556;2021-05-27;04:45:00;0.0;;
557;2021-05-27;04:30:00;0.0;;
558;2021-05-27;04:15:00;0.0;;
559;2021-05-27;04:00:00;0.0;;
560;2021-05-27;03:45:00;0.0;;
561;2021-05-27;03:30:00;0.0;;
562;2021-05-27;03:15:00;0.0;;
563;2021-05-27;03:00:00;0.0;;
564;2021-05-27;02:45:00;0.0;;
565;2021-05-27;02:30:00;0.0;;
566;2021-05-27;02:15:00;0.0;;
567;2021-05-27;02:00:00;0.0;;
568;2021-05-27;01:45:00;0.0;;
569;2021-05-27;01:30:00;0.0;;
570;2021-05-27;01:15:00;0.0;;
571;2021-05-27;01:00:00;0.0;;
572;2021-05-27;00:45:00;0.0;;
573;2021-05-27;00:30:00;0.0;;
574;2021-05-27;00:15:00;0.0;;
575;2021-05-27;00:00:00;0.0;;
576;2021-05-26;23:45:00;0.0;;
577;2021-05-26;23:30:00;0.0;;
578;2021-05-26;23:15:00;0.0;;
579;2021-05-26;23:00:00;0.0;;
580;2021-05-26;22:45:00;0.0;;
581;2021-05-26;22:30:00;0.0;;
582;2021-05-26;22:15:00;0.0;;
583;2021-05-26;22:00:00;0.0;;
584;2021-05-26;21:45:00;0.0;;
585;2021-05-26;21:30:00;0.0;;
586;2021-05-26;21:15:00;0.0;;
587;2021-05-26;21:00:00;0.0;;
588;2021-05-26;20:45:00;0.0;;
589;2021-05-26;20:30:00;0.0;;
590;2021-05-26;20:15:00;0.0;;
591;2021-05-26;20:00:00;0.0;;
592;2021-05-26;19:45:00;0.0;;
593;2021-05-26;19:30:00;0.0;;
594;2021-05-26;19:15:00;0.0;;
595;2021-05-26;19:00:00;0.0;;
596;2021-05-26;18:45:00;0.0;;
597;2021-05-26;18:30:00;0.0;;
598;2021-05-26;18:15:00;0.0;;
599;2021-05-26;18:00:00;0.0;;
600;2021-05-26;17:45:00;0.0;;
601;2021-05-26;17:30:00;0.0;;
602;2021-05-26;17:15:00;0.0;;
603;2021-05-26;17:00:00;0.0;27.0;
604;2021-05-26;16:45:00;0.0;;
605;2021-05-26;16:30:00;0.0;;
606;2021-05-26;16:15:00;0.0;;
607;2021-05-26;16:00:00;0.0;;
608;2021-05-26;15:45:00;0.0;;
609;2021-05-26;15:30:00;0.0;;
610;2021-05-26;15:15:00;;;
611;2021-05-26;15:00:00;0.0;;
612;2021-05-26;14:45:00;;;
613;2021-05-26;14:30:00;;;
614;2021-05-26;14:15:00;0.0;;
615;2021-05-26;14:00:00;0.0;;
616;2021-05-26;13:45:00;0.0;;
617;2021-05-26;13:30:00;0.0;;
618;2021-05-26;13:15:00;0.0;;
619;2021-05-26;13:00:00;0.0;;
620;2021-05-26;12:45:00;0.0;;
621;2021-05-26;12:30:00;0.0;;
622;2021-05-26;12:15:00;0.0;;
623;2021-05-26;12:00:00;0.0;;
624;2021-05-26;11:45:00;0.0;;
625;2021-05-26;11:30:00;0.0;;
626;2021-05-26;11:15:00;0.0;;
627;2021-05-26;11:00:00;0.0;;
628;2021-05-26;10:45:00;0.0;;
629;2021-05-26;10:30:00;0.0;;
630;2021-05-26;10:15:00;0.0;;
631;2021-05-26;10:00:00;0.0;;
632;2021-05-26;09:45:00;0.0;;
633;2021-05-26;09:30:00;0.0;;
634;2021-05-26;09:15:00;0.0;;
635;2021-05-26;09:00:00;0.0;;
636;2021-05-26;08:45:00;0.0;;
637;2021-05-26;08:30:00;0.0;;
638;2021-05-26;08:15:00;0.0;;
639;2021-05-26;08:00:00;0.0;;
640;2021-05-26;07:45:00;0.0;;
641;2021-05-26;07:30:00;0.0;;
642;2021-05-26;07:15:00;0.0;;
643;2021-05-26;07:00:00;0.0;27.0;
644;2021-05-26;06:45:00;0.0;;
645;2021-05-26;06:30:00;0.0;;
646;2021-05-26;06:15:00;0.0;;
647;2021-05-26;06:00:00;0.0;;
648;2021-05-26;05:45:00;0.0;;
649;2021-05-26;05:30:00;0.0;;
650;2021-05-26;05:15:00;0.0;;
651;2021-05-26;05:00:00;0.0;;
652;2021-05-26;04:45:00;0.0;;
653;2021-05-26;04:30:00;0.0;;
654;2021-05-26;04:15:00;0.0;;
655;2021-05-26;04:00:00;0.0;;
656;2021-05-26;03:45:00;0.0;;
657;2021-05-26;03:30:00;0.0;;
658;2021-05-26;03:15:00;0.0;;
659;2021-05-26;03:00:00;0.0;;
660;2021-05-26;02:45:00;0.0;;
661;2021-05-26;02:30:00;0.0;;
662;2021-05-26;02:15:00;0.0;;
663;2021-05-26;02:00:00;0.0;;
664;2021-05-26;01:45:00;0.0;;
665;2021-05-26;01:30:00;0.0;;
666;2021-05-26;01:15:00;0.0;;
667;2021-05-26;01:00:00;0.0;;
668;2021-05-26;00:45:00;0.0;;
669;2021-05-26;00:30:00;0.0;;
670;2021-05-26;00:15:00;0.0;;
671;2021-05-26;00:00:00;0.0;;
672;2021-05-25;23:45:00;0.0;;
673;2021-05-25;23:30:00;0.0;;
674;2021-05-25;23:15:00;0.0;;
675;2021-05-25;23:00:00;0.0;;
676;2021-05-25;22:45:00;0.0;;
677;2021-05-25;22:30:00;0.0;;
678;2021-05-25;22:15:00;0.0;;
679;2021-05-25;22:00:00;0.0;;
680;2021-05-25;21:45:00;0.0;;
681;2021-05-25;21:30:00;0.0;;
682;2021-05-25;21:15:00;0.0;;
683;2021-05-25;21:00:00;0.0;;
684;2021-05-25;20:45:00;0.0;;
685;2021-05-25;20:30:00;0.0;;
686;2021-05-25;20:15:00;0.0;;
687;2021-05-25;20:00:00;0.0;;
688;2021-05-25;19:45:00;0.0;;
689;2021-05-25;19:30:00;0.0;;
690;2021-05-25;19:15:00;0.0;;
691;2021-05-25;19:00:00;0.0;;
692;2021-05-25;18:45:00;0.0;;
693;2021-05-25;18:30:00;0.0;;
694;2021-05-25;18:15:00;0.0;;
695;2021-05-25;18:00:00;0.0;;
696;2021-05-25;17:45:00;0.0;;
697;2021-05-25;17:30:00;0.0;;
698;2021-05-25;17:15:00;0.0;;
699;2021-05-25;17:00:00;0.0;27.0;
700;2021-05-25;16:45:00;0.0;;
701;2021-05-25;16:30:00;0.0;;
702;2021-05-25;16:15:00;0.0;;
703;2021-05-25;16:00:00;0.0;;
704;2021-05-25;15:45:00;0.0;;
705;2021-05-25;15:30:00;0.0;;
706;2021-05-25;15:15:00;0.0;;
707;2021-05-25;15:00:00;0.0;;
708;2021-05-25;14:45:00;0.0;;
709;2021-05-25;14:30:00;0.0;;
710;2021-05-25;14:15:00;0.0;;
711;2021-05-25;14:00:00;0.0;;
712;2021-05-25;13:45:00;0.0;;
713;2021-05-25;13:30:00;0.0;;
714;2021-05-25;13:15:00;0.0;;
715;2021-05-25;13:00:00;0.0;;
716;2021-05-25;12:45:00;0.0;;
717;2021-05-25;12:30:00;0.0;;
718;2021-05-25;12:15:00;0.0;;
719;2021-05-25;12:00:00;0.0;;
720;2021-05-25;11:45:00;0.0;;
721;2021-05-25;11:30:00;0.0;;
722;2021-05-25;11:15:00;0.0;;
723;2021-05-25;11:00:00;0.0;;
724;2021-05-25;10:45:00;0.0;;
725;2021-05-25;10:30:00;0.0;;
726;2021-05-25;10:15:00;0.0;;
727;2021-05-25;10:00:00;0.0;;
728;2021-05-25;09:45:00;0.0;;
729;2021-05-25;09:30:00;0.0;;
730;2021-05-25;09:15:00;0.0;;
731;2021-05-25;09:00:00;0.0;;
732;2021-05-25;08:45:00;0.0;;
733;2021-05-25;08:30:00;0.0;;
734;2021-05-25;08:15:00;0.0;;
735;2021-05-25;08:00:00;0.0;;
736;2021-05-25;07:45:00;0.0;;
737;2021-05-25;07:30:00;0.0;;
738;2021-05-25;07:15:00;0.0;;
739;2021-05-25;07:00:00;0.0;28.0;
740;2021-05-25;06:45:00;0.0;;
741;2021-05-25;06:30:00;0.0;;
742;2021-05-25;06:15:00;0.0;;
743;2021-05-25;06:00:00;0.0;;
744;2021-05-25;05:45:00;0.0;;
745;2021-05-25;05:30:00;0.0;;
746;2021-05-25;05:15:00;0.0;;
747;2021-05-25;05:00:00;0.0;;
748;2021-05-25;04:45:00;0.0;;
749;2021-05-25;04:30:00;0.0;;
750;2021-05-25;04:15:00;0.0;;
751;2021-05-25;04:00:00;0.0;;
752;2021-05-25;03:45:00;0.0;;
753;2021-05-25;03:30:00;0.0;;
754;2021-05-25;03:15:00;0.0;;
755;2021-05-25;03:00:00;0.0;;
756;2021-05-25;02:45:00;0.0;;
757;2021-05-25;02:30:00;0.0;;
758;2021-05-25;02:15:00;0.0;;
759;2021-05-25;02:00:00;0.0;;
760;2021-05-25;01:45:00;0.0;;
761;2021-05-25;01:30:00;0.0;;
762;2021-05-25;01:15:00;0.0;;
763;2021-05-25;01:00:00;0.0;;
764;2021-05-25;00:45:00;0.0;;
765;2021-05-25;00:30:00;0.0;;
766;2021-05-25;00:15:00;0.0;;
767;2021-05-25;00:00:00;0.0;;
768;2021-05-24;23:45:00;0.0;;
769;2021-05-24;23:30:00;0.0;;
770;2021-05-24;23:15:00;0.0;;
771;2021-05-24;23:00:00;0.0;;
772;2021-05-24;22:45:00;0.0;;
773;2021-05-24;22:30:00;0.0;;
774;2021-05-24;22:15:00;0.0;;
775;2021-05-24;22:00:00;0.0;;
776;2021-05-24;21:45:00;0.0;;
777;2021-05-24;21:30:00;0.0;;
778;2021-05-24;21:15:00;0.0;;
779;2021-05-24;21:00:00;0.0;;
780;2021-05-24;20:45:00;0.0;;
781;2021-05-24;20:30:00;0.0;;
782;2021-05-24;20:15:00;0.0;;
783;2021-05-24;20:00:00;0.0;;
784;2021-05-24;19:45:00;0.0;;
785;2021-05-24;19:30:00;0.0;;
786;2021-05-24;19:15:00;0.0;;
787;2021-05-24;19:00:00;0.0;;
788;2021-05-24;18:45:00;0.0;;
789;2021-05-24;18:30:00;0.0;;
790;2021-05-24;18:15:00;0.0;;
791;2021-05-24;18:00:00;0.0;;
792;2021-05-24;17:45:00;0.0;;
793;2021-05-24;17:30:00;0.0;;
794;2021-05-24;17:15:00;0.0;;
795;2021-05-24;17:00:00;0.0;28.0;
796;2021-05-24;16:45:00;0.0;;
797;2021-05-24;16:30:00;0.0;;
798;2021-05-24;16:15:00;0.0;;
799;2021-05-24;16:00:00;0.0;;
800;2021-05-24;15:45:00;0.0;;
801;2021-05-24;15:30:00;0.0;;
802;2021-05-24;15:15:00;0.0;;
803;2021-05-24;15:00:00;0.0;;
804;2021-05-24;14:45:00;0.0;;
805;2021-05-24;14:30:00;0.0;;
806;2021-05-24;14:15:00;0.0;;
807;2021-05-24;14:00:00;0.0;;
808;2021-05-24;13:45:00;0.0;;
809;2021-05-24;13:30:00;0.0;;
810;2021-05-24;13:15:00;0.0;;
811;2021-05-24;13:00:00;0.0;;
812;2021-05-24;12:45:00;0.0;;
813;2021-05-24;12:30:00;0.0;;
814;2021-05-24;12:15:00;0.0;;
815;2021-05-24;12:00:00;0.0;;
816;2021-05-24;11:45:00;0.0;;
817;2021-05-24;11:30:00;0.0;;
818;2021-05-24;11:15:00;0.0;;
819;2021-05-24;11:00:00;0.0;;
820;2021-05-24;10:45:00;0.0;;
821;2021-05-24;10:30:00;0.0;;
822;2021-05-24;10:15:00;0.0;;
823;2021-05-24;10:00:00;0.0;;
824;2021-05-24;09:45:00;0.0;;
825;2021-05-24;09:30:00;0.0;;
826;2021-05-24;09:15:00;0.0;;
827;2021-05-24;09:00:00;0.0;;
828;2021-05-24;08:45:00;0.0;;
829;2021-05-24;08:30:00;0.0;;
830;2021-05-24;08:15:00;0.0;;
831;2021-05-24;08:00:00;0.0;;
832;2021-05-24;07:45:00;0.0;;
833;2021-05-24;07:30:00;0.0;;
834;2021-05-24;07:15:00;0.0;;
835;2021-05-24;07:00:00;0.0;28.0;
836;2021-05-24;06:45:00;0.0;;
837;2021-05-24;06:30:00;0.0;;
838;2021-05-24;06:15:00;0.0;;
839;2021-05-24;06:00:00;0.0;;
840;2021-05-24;05:45:00;0.0;;
841;2021-05-24;05:30:00;0.0;;
842;2021-05-24;05:15:00;0.0;;
843;2021-05-24;05:00:00;0.0;;
844;2021-05-24;04:45:00;0.0;;
845;2021-05-24;04:30:00;0.0;;
846;2021-05-24;04:15:00;0.0;;
847;2021-05-24;04:00:00;0.0;;
848;2021-05-24;03:45:00;0.0;;
849;2021-05-24;03:30:00;0.0;;
850;2021-05-24;03:15:00;0.0;;
851;2021-05-24;03:00:00;0.0;;
852;2021-05-24;02:45:00;0.0;;
853;2021-05-24;02:30:00;0.0;;
854;2021-05-24;02:15:00;0.0;;
855;2021-05-24;02:00:00;0.0;;
856;2021-05-24;01:45:00;0.0;;
857;2021-05-24;01:30:00;0.0;;
858;2021-05-24;01:15:00;0.0;;
859;2021-05-24;01:00:00;0.0;;
860;2021-05-24;00:45:00;0.0;;
861;2021-05-24;00:30:00;0.0;;
862;2021-05-24;00:15:00;0.0;;
863;2021-05-24;00:00:00;0.0;;
864;2021-05-23;23:45:00;0.0;;
865;2021-05-23;23:30:00;0.0;;
866;2021-05-23;23:15:00;0.0;;
867;2021-05-23;23:00:00;0.0;;
868;2021-05-23;22:45:00;0.0;;
869;2021-05-23;22:30:00;0.0;;
870;2021-05-23;22:15:00;0.0;;
871;2021-05-23;22:00:00;0.0;;
872;2021-05-23;21:45:00;0.0;;
873;2021-05-23;21:30:00;0.0;;
874;2021-05-23;21:15:00;0.0;;
875;2021-05-23;21:00:00;0.0;;
876;2021-05-23;20:45:00;0.0;;
877;2021-05-23;20:30:00;0.0;;
878;2021-05-23;20:15:00;0.0;;
879;2021-05-23;20:00:00;0.0;;
880;2021-05-23;19:45:00;0.0;;
881;2021-05-23;19:30:00;0.0;;
882;2021-05-23;19:15:00;0.0;;
883;2021-05-23;19:00:00;0.0;;
884;2021-05-23;18:45:00;0.0;;
885;2021-05-23;18:30:00;0.0;;
886;2021-05-23;18:15:00;0.0;;
887;2021-05-23;18:00:00;0.0;;
888;2021-05-23;17:45:00;0.0;;
889;2021-05-23;17:30:00;0.0;;
890;2021-05-23;17:15:00;0.0;;
891;2021-05-23;17:00:00;0.0;28.0;
892;2021-05-23;16:45:00;0.0;;
893;2021-05-23;16:30:00;0.0;;
894;2021-05-23;16:15:00;0.0;;
895;2021-05-23;16:00:00;0.0;;
896;2021-05-23;15:45:00;0.0;;
897;2021-05-23;15:30:00;0.0;;
898;2021-05-23;15:15:00;0.0;;
899;2021-05-23;15:00:00;0.0;;
900;2021-05-23;14:45:00;0.0;;
901;2021-05-23;14:30:00;0.0;;
902;2021-05-23;14:15:00;0.0;;
903;2021-05-23;14:00:00;0.0;;
904;2021-05-23;13:45:00;0.0;;
905;2021-05-23;13:30:00;0.0;;
906;2021-05-23;13:15:00;0.0;;
907;2021-05-23;13:00:00;0.0;;
908;2021-05-23;12:45:00;0.0;;
909;2021-05-23;12:30:00;0.0;;
910;2021-05-23;12:15:00;0.0;;
911;2021-05-23;12:00:00;0.0;;
912;2021-05-23;11:45:00;0.0;;
913;2021-05-23;11:30:00;0.0;;
914;2021-05-23;11:15:00;0.0;;
915;2021-05-23;11:00:00;0.0;;
916;2021-05-23;10:45:00;0.0;;
917;2021-05-23;10:30:00;0.0;;
918;2021-05-23;10:15:00;0.0;;
919;2021-05-23;10:00:00;0.0;;
920;2021-05-23;09:45:00;0.0;;
921;2021-05-23;09:30:00;0.0;;
922;2021-05-23;09:15:00;0.0;;
923;2021-05-23;09:00:00;0.0;;
924;2021-05-23;08:45:00;0.0;;
925;2021-05-23;08:30:00;0.0;;
926;2021-05-23;08:15:00;0.0;;
927;2021-05-23;08:00:00;0.0;;
928;2021-05-23;07:45:00;0.0;;
929;2021-05-23;07:30:00;0.0;;
930;2021-05-23;07:15:00;0.0;;
931;2021-05-23;07:00:00;0.0;28.0;
932;2021-05-23;06:45:00;0.0;;
933;2021-05-23;06:30:00;0.0;;
934;2021-05-23;06:15:00;0.0;;
935;2021-05-23;06:00:00;0.0;;
936;2021-05-23;05:45:00;0.0;;
937;2021-05-23;05:30:00;0.0;;
938;2021-05-23;05:15:00;0.0;;
939;2021-05-23;05:00:00;0.0;;
940;2021-05-23;04:45:00;0.0;;
941;2021-05-23;04:30:00;0.0;;
942;2021-05-23;04:15:00;0.0;;
943;2021-05-23;04:00:00;0.0;;
944;2021-05-23;03:45:00;0.0;;
945;2021-05-23;03:30:00;0.0;;
946;2021-05-23;03:15:00;0.0;;
947;2021-05-23;03:00:00;0.0;;
948;2021-05-23;02:45:00;0.0;;
949;2021-05-23;02:30:00;0.0;;
950;2021-05-23;02:15:00;0.0;;
951;2021-05-23;02:00:00;0.0;;
952;2021-05-23;01:45:00;0.0;;
953;2021-05-23;01:30:00;0.0;;
954;2021-05-23;01:15:00;0.0;;
955;2021-05-23;01:00:00;0.0;;
956;2021-05-23;00:45:00;0.0;;
957;2021-05-23;00:30:00;0.0;;
958;2021-05-23;00:15:00;0.0;;
959;2021-05-23;00:00:00;0.0;;
960;2021-05-22;23:45:00;0.0;;
961;2021-05-22;23:30:00;0.0;;
962;2021-05-22;23:15:00;0.0;;
963;2021-05-22;23:00:00;0.0;;
964;2021-05-22;22:45:00;0.0;;
965;2021-05-22;22:30:00;0.0;;
966;2021-05-22;22:15:00;0.0;;
967;2021-05-22;22:00:00;0.0;;
968;2021-05-22;21:45:00;0.0;;
969;2021-05-22;21:30:00;0.0;;
970;2021-05-22;21:15:00;0.0;;
971;2021-05-22;21:00:00;0.0;;
972;2021-05-22;20:45:00;0.0;;
973;2021-05-22;20:30:00;0.0;;
974;2021-05-22;20:15:00;0.0;;
975;2021-05-22;20:00:00;0.0;;
976;2021-05-22;19:45:00;0.0;;
977;2021-05-22;19:30:00;0.0;;
978;2021-05-22;19:15:00;0.0;;
979;2021-05-22;19:00:00;0.0;;
980;2021-05-22;18:45:00;0.0;;
981;2021-05-22;18:30:00;0.0;;
982;2021-05-22;18:15:00;0.0;;
983;2021-05-22;18:00:00;0.0;;
984;2021-05-22;17:45:00;0.0;;
985;2021-05-22;17:30:00;0.0;;
986;2021-05-22;17:15:00;0.0;;
987;2021-05-22;17:00:00;0.0;28.0;
988;2021-05-22;16:45:00;0.0;;
989;2021-05-22;16:30:00;0.0;;
990;2021-05-22;16:15:00;0.0;;
991;2021-05-22;16:00:00;0.0;;
992;2021-05-22;15:45:00;0.0;;
993;2021-05-22;15:30:00;0.0;;
994;2021-05-22;15:15:00;0.0;;
995;2021-05-22;15:00:00;0.0;;
996;2021-05-22;14:45:00;0.0;;
997;2021-05-22;14:30:00;0.0;;
998;2021-05-22;14:15:00;0.0;;
999;2021-05-22;14:00:00;0.0;;
1000;2021-05-22;13:45:00;0.0;;
1001;2021-05-22;13:30:00;0.0;;
1002;2021-05-22;13:15:00;0.0;;
1003;2021-05-22;13:00:00;0.0;;
1004;2021-05-22;12:45:00;0.0;;
1005;2021-05-22;12:30:00;0.0;;
1006;2021-05-22;12:15:00;0.0;;
1007;2021-05-22;12:00:00;0.0;;
1008;2021-05-22;11:45:00;0.0;;
1009;2021-05-22;11:30:00;0.0;;
1010;2021-05-22;11:15:00;0.0;;
1011;2021-05-22;11:00:00;0.0;;
1012;2021-05-22;10:45:00;0.0;;
1013;2021-05-22;10:30:00;0.0;;
1014;2021-05-22;10:15:00;0.0;;
1015;2021-05-22;10:00:00;0.0;;
1016;2021-05-22;09:45:00;0.0;;
1017;2021-05-22;09:30:00;0.0;;
1018;2021-05-22;09:15:00;0.0;;
1019;2021-05-22;09:00:00;0.0;;
1020;2021-05-22;08:45:00;0.0;;
1021;2021-05-22;08:30:00;0.0;;
1022;2021-05-22;08:15:00;0.0;;
1023;2021-05-22;08:00:00;0.0;;
1024;2021-05-22;07:45:00;0.0;;
1025;2021-05-22;07:30:00;0.0;;
1026;2021-05-22;07:15:00;0.0;;
1027;2021-05-22;07:00:00;0.0;28.0;
1028;2021-05-22;06:45:00;0.0;;
1029;2021-05-22;06:30:00;0.0;;
1030;2021-05-22;06:15:00;0.0;;
1031;2021-05-22;06:00:00;0.0;;
1032;2021-05-22;05:45:00;0.0;;
1033;2021-05-22;05:30:00;0.0;;
1034;2021-05-22;05:15:00;0.0;;
1035;2021-05-22;05:00:00;0.0;;
1036;2021-05-22;04:45:00;0.0;;
1037;2021-05-22;04:30:00;0.0;;
1038;2021-05-22;04:15:00;0.0;;
1039;2021-05-22;04:00:00;0.0;;
1040;2021-05-22;03:45:00;0.0;;
1041;2021-05-22;03:30:00;0.0;;
1042;2021-05-22;03:15:00;0.0;;
1043;2021-05-22;03:00:00;0.0;;
1044;2021-05-22;02:45:00;0.0;;
1045;2021-05-22;02:30:00;0.0;;
1046;2021-05-22;02:15:00;0.0;;
1047;2021-05-22;02:00:00;0.0;;
1048;2021-05-22;01:45:00;0.0;;
1049;2021-05-22;01:30:00;0.0;;
1050;2021-05-22;01:15:00;0.0;;
1051;2021-05-22;01:00:00;0.0;;
1052;2021-05-22;00:45:00;0.0;;
1053;2021-05-22;00:30:00;0.0;;
1054;2021-05-22;00:15:00;0.0;;
1055;2021-05-22;00:00:00;0.0;;
1056;2021-05-21;23:45:00;0.0;;
1057;2021-05-21;23:30:00;0.0;;
1058;2021-05-21;23:15:00;0.0;;
1059;2021-05-21;23:00:00;0.0;;
1060;2021-05-21;22:45:00;0.0;;
1061;2021-05-21;22:30:00;0.0;;
1062;2021-05-21;22:15:00;0.0;;
1063;2021-05-21;22:00:00;0.0;;
1064;2021-05-21;21:45:00;0.0;;
1065;2021-05-21;21:30:00;0.0;;
1066;2021-05-21;21:15:00;0.0;;
1067;2021-05-21;21:00:00;0.0;;
1068;2021-05-21;20:45:00;0.0;;
1069;2021-05-21;20:30:00;0.0;;
1070;2021-05-21;20:15:00;0.0;;
1071;2021-05-21;20:00:00;0.0;;
1072;2021-05-21;19:45:00;0.0;;
1073;2021-05-21;19:30:00;0.0;;
1074;2021-05-21;19:15:00;0.0;;
1075;2021-05-21;19:00:00;0.0;;
1076;2021-05-21;18:45:00;0.0;;
1077;2021-05-21;18:30:00;0.0;;
1078;2021-05-21;18:15:00;0.0;;
1079;2021-05-21;18:00:00;0.0;;
1080;2021-05-21;17:45:00;0.0;;
1081;2021-05-21;17:30:00;0.0;;
1082;2021-05-21;17:15:00;0.0;;
1083;2021-05-21;17:00:00;0.0;28.0;
1084;2021-05-21;16:45:00;0.0;;
1085;2021-05-21;16:30:00;0.0;;
1086;2021-05-21;16:15:00;0.0;;
1087;2021-05-21;16:00:00;0.0;;
1088;2021-05-21;15:45:00;0.0;;
1089;2021-05-21;15:30:00;0.0;;
1090;2021-05-21;15:15:00;0.0;;
1091;2021-05-21;15:00:00;0.0;;
1092;2021-05-21;14:45:00;0.0;;
1093;2021-05-21;14:30:00;0.0;;
1094;2021-05-21;14:15:00;0.0;;
1095;2021-05-21;14:00:00;0.0;;
1096;2021-05-21;13:45:00;0.0;;
1097;2021-05-21;13:30:00;0.0;;
1098;2021-05-21;13:15:00;0.0;;
1099;2021-05-21;13:00:00;0.0;;
1100;2021-05-21;12:45:00;0.0;;
1101;2021-05-21;12:30:00;0.0;;
1102;2021-05-21;12:15:00;0.0;;
1103;2021-05-21;12:00:00;0.0;;
1104;2021-05-21;11:45:00;0.0;;
1105;2021-05-21;11:30:00;0.0;;
1106;2021-05-21;11:15:00;0.0;;
1107;2021-05-21;11:00:00;0.0;;
1108;2021-05-21;10:45:00;0.0;;
1109;2021-05-21;10:30:00;0.0;;
1110;2021-05-21;10:15:00;0.0;;
1111;2021-05-21;10:00:00;0.0;;
1112;2021-05-21;09:45:00;0.0;;
1113;2021-05-21;09:30:00;0.0;;
1114;2021-05-21;09:15:00;0.0;;
1115;2021-05-21;09:00:00;0.0;;
1116;2021-05-21;08:45:00;0.0;;
1117;2021-05-21;08:30:00;0.0;;
1118;2021-05-21;08:15:00;0.0;;
1119;2021-05-21;08:00:00;0.0;;
1120;2021-05-21;07:45:00;0.0;;
1121;2021-05-21;07:30:00;0.0;;
1122;2021-05-21;07:15:00;0.0;;
1123;2021-05-21;07:00:00;0.0;28.0;
1124;2021-05-21;06:45:00;0.0;;
1125;2021-05-21;06:30:00;0.0;;
1126;2021-05-21;06:15:00;0.0;;
1127;2021-05-21;06:00:00;0.0;;
1128;2021-05-21;05:45:00;0.0;;
1129;2021-05-21;05:30:00;0.0;;
1130;2021-05-21;05:15:00;0.0;;
1131;2021-05-21;05:00:00;0.0;;
1132;2021-05-21;04:45:00;0.0;;
1133;2021-05-21;04:30:00;0.0;;
1134;2021-05-21;04:15:00;0.0;;
1135;2021-05-21;04:00:00;0.0;;
1136;2021-05-21;03:45:00;0.0;;
1137;2021-05-21;03:30:00;0.0;;
1138;2021-05-21;03:15:00;0.0;;
1139;2021-05-21;03:00:00;0.0;;
1140;2021-05-21;02:45:00;0.0;;
1141;2021-05-21;02:30:00;0.0;;
1142;2021-05-21;02:15:00;0.0;;
1143;2021-05-21;02:00:00;0.0;;
1144;2021-05-21;01:45:00;0.0;;
1145;2021-05-21;01:30:00;0.0;;
1146;2021-05-21;01:15:00;0.0;;
1147;2021-05-21;01:00:00;0.0;;
1148;2021-05-21;00:45:00;0.0;;
1149;2021-05-21;00:30:00;0.0;;
1150;2021-05-21;00:15:00;0.0;;
1151;2021-05-21;00:00:00;0.0;;
1152;2021-05-20;23:45:00;0.0;;
1153;2021-05-20;23:30:00;0.0;;
1154;2021-05-20;23:15:00;0.0;;
1155;2021-05-20;23:00:00;0.0;;
1156;2021-05-20;22:45:00;0.0;;
1157;2021-05-20;22:30:00;0.0;;
1158;2021-05-20;22:15:00;0.0;;
1159;2021-05-20;22:00:00;0.0;;
1160;2021-05-20;21:45:00;0.0;;
1161;2021-05-20;21:30:00;0.0;;
1162;2021-05-20;21:15:00;0.0;;
1163;2021-05-20;21:00:00;0.0;;
1164;2021-05-20;20:45:00;0.0;;
1165;2021-05-20;20:30:00;0.0;;
1166;2021-05-20;20:15:00;0.0;;
1167;2021-05-20;20:00:00;0.0;;
1168;2021-05-20;19:45:00;0.0;;
1169;2021-05-20;19:30:00;0.0;;
1170;2021-05-20;19:15:00;0.0;;
1171;2021-05-20;19:00:00;0.0;;
1172;2021-05-20;18:45:00;0.0;;
1173;2021-05-20;18:30:00;0.0;;
1174;2021-05-20;18:15:00;0.0;;
1175;2021-05-20;18:00:00;0.0;;
1176;2021-05-20;17:45:00;0.0;;
1177;2021-05-20;17:30:00;0.0;;
1178;2021-05-20;17:15:00;0.0;;
1179;2021-05-20;17:00:00;;28.0;
1180;2021-05-20;16:45:00;0.0;;
1181;2021-05-20;16:30:00;0.0;;
1182;2021-05-20;16:15:00;0.0;;
1183;2021-05-20;16:00:00;0.0;;
1184;2021-05-20;15:45:00;0.0;;
1185;2021-05-20;15:30:00;0.0;;
1186;2021-05-20;15:15:00;0.0;;
1187;2021-05-20;15:00:00;0.0;;
1188;2021-05-20;14:45:00;0.0;;
1189;2021-05-20;14:30:00;0.0;;
1190;2021-05-20;14:15:00;0.0;;
1191;2021-05-20;14:00:00;0.0;;
1192;2021-05-20;13:45:00;0.0;;
1193;2021-05-20;13:30:00;0.0;;
1194;2021-05-20;13:15:00;0.0;;
1195;2021-05-20;13:00:00;0.0;;
1196;2021-05-20;12:45:00;0.0;;
1197;2021-05-20;12:30:00;0.0;;
1198;2021-05-20;12:15:00;0.0;;
1199;2021-05-20;12:00:00;0.0;;
1200;2021-05-20;11:45:00;0.0;;
1201;2021-05-20;11:30:00;0.0;;
1202;2021-05-20;11:15:00;0.0;;
1203;2021-05-20;11:00:00;0.0;;
1204;2021-05-20;10:45:00;0.0;;
1205;2021-05-20;10:30:00;0.0;;
1206;2021-05-20;10:15:00;0.0;;
1207;2021-05-20;10:00:00;0.0;;
1208;2021-05-20;09:45:00;0.0;;
1209;2021-05-20;09:30:00;0.0;;
1210;2021-05-20;09:15:00;0.0;;
1211;2021-05-20;09:00:00;0.0;;
1212;2021-05-20;08:45:00;0.0;;
1213;2021-05-20;08:30:00;0.0;;
1214;2021-05-20;08:15:00;0.0;;
1215;2021-05-20;08:00:00;0.0;;
1216;2021-05-20;07:45:00;0.0;;
1217;2021-05-20;07:30:00;0.0;;
1218;2021-05-20;07:15:00;0.0;;
1219;2021-05-20;07:00:00;0.0;28.0;
1220;2021-05-20;06:45:00;0.0;;
1221;2021-05-20;06:30:00;0.0;;
1222;2021-05-20;06:15:00;0.0;;
1223;2021-05-20;06:00:00;0.0;;
1224;2021-05-20;05:45:00;0.0;;
1225;2021-05-20;05:30:00;0.0;;
1226;2021-05-20;05:15:00;0.0;;
1227;2021-05-20;05:00:00;0.0;;
1228;2021-05-20;04:45:00;0.0;;
1229;2021-05-20;04:30:00;0.0;;
1230;2021-05-20;04:15:00;0.0;;
1231;2021-05-20;04:00:00;0.0;;
1232;2021-05-20;03:45:00;0.0;;
1233;2021-05-20;03:30:00;0.0;;
1234;2021-05-20;03:15:00;0.0;;
1235;2021-05-20;03:00:00;0.0;;
1236;2021-05-20;02:45:00;0.0;;
1237;2021-05-20;02:30:00;0.0;;
1238;2021-05-20;02:15:00;0.0;;
1239;2021-05-20;02:00:00;0.0;;
1240;2021-05-20;01:45:00;0.0;;
1241;2021-05-20;01:30:00;0.0;;
1242;2021-05-20;01:15:00;0.0;;
1243;2021-05-20;01:00:00;0.0;;
1244;2021-05-20;00:45:00;0.0;;
1245;2021-05-20;00:30:00;0.0;;
1246;2021-05-20;00:15:00;0.0;;
1247;2021-05-20;00:00:00;0.0;;
1248;2021-05-19;23:45:00;0.0;;
1249;2021-05-19;23:30:00;0.0;;
1250;2021-05-19;23:15:00;0.0;;
1251;2021-05-19;23:00:00;0.0;;
1252;2021-05-19;22:45:00;0.0;;
1253;2021-05-19;22:30:00;0.0;;
1254;2021-05-19;22:15:00;0.0;;
1255;2021-05-19;22:00:00;0.0;;
1256;2021-05-19;21:45:00;0.0;;
1257;2021-05-19;21:30:00;0.0;;
1258;2021-05-19;21:15:00;0.0;;
1259;2021-05-19;21:00:00;0.0;;
1260;2021-05-19;20:45:00;0.0;;
1261;2021-05-19;20:30:00;0.0;;
1262;2021-05-19;20:15:00;0.0;;
1263;2021-05-19;20:00:00;0.0;;
1264;2021-05-19;19:45:00;0.0;;
1265;2021-05-19;19:30:00;0.0;;
1266;2021-05-19;19:15:00;0.0;;
1267;2021-05-19;19:00:00;0.0;;
1268;2021-05-19;18:45:00;0.0;;
1269;2021-05-19;18:30:00;0.0;;
1270;2021-05-19;18:15:00;0.0;;
1271;2021-05-19;18:00:00;0.0;;
1272;2021-05-19;17:45:00;0.0;;
1273;2021-05-19;17:30:00;0.0;;
1274;2021-05-19;17:15:00;0.0;;
1275;2021-05-19;17:00:00;0.0;28.0;
1276;2021-05-19;16:45:00;0.0;;
1277;2021-05-19;16:30:00;0.0;;
1278;2021-05-19;16:15:00;0.0;;
1279;2021-05-19;16:00:00;0.0;;
1280;2021-05-19;15:45:00;0.0;;
1281;2021-05-19;15:30:00;0.0;;
1282;2021-05-19;15:15:00;0.0;;
1283;2021-05-19;15:00:00;0.0;;
1284;2021-05-19;14:45:00;0.0;;
1285;2021-05-19;14:30:00;0.0;;
1286;2021-05-19;14:15:00;0.0;;
1287;2021-05-19;14:00:00;0.0;;
1288;2021-05-19;13:45:00;0.0;;
1289;2021-05-19;13:30:00;0.0;;
1290;2021-05-19;13:15:00;0.0;;
1291;2021-05-19;13:00:00;0.0;;
1292;2021-05-19;12:45:00;0.0;;
1293;2021-05-19;12:30:00;0.0;;
1294;2021-05-19;12:15:00;0.0;;
1295;2021-05-19;12:00:00;0.0;;
1296;2021-05-19;11:45:00;0.0;;
1297;2021-05-19;11:30:00;0.0;;
1298;2021-05-19;11:15:00;0.0;;
1299;2021-05-19;11:00:00;0.0;;
1300;2021-05-19;10:45:00;0.0;;
1301;2021-05-19;10:30:00;0.0;;
1302;2021-05-19;10:15:00;0.0;;
1303;2021-05-19;10:00:00;0.0;;
1304;2021-05-19;09:45:00;0.0;;
1305;2021-05-19;09:30:00;0.0;;
1306;2021-05-19;09:15:00;0.0;;
1307;2021-05-19;09:00:00;0.0;;
1308;2021-05-19;08:45:00;0.0;;
1309;2021-05-19;08:30:00;0.0;;
1310;2021-05-19;08:15:00;0.0;;
1311;2021-05-19;08:00:00;0.0;;
1312;2021-05-19;07:45:00;0.0;;
1313;2021-05-19;07:30:00;0.0;;
1314;2021-05-19;07:15:00;0.0;;
1315;2021-05-19;07:00:00;0.0;28.0;
1316;2021-05-19;06:45:00;0.0;;
1317;2021-05-19;06:30:00;0.0;;
1318;2021-05-19;06:15:00;0.0;;
1319;2021-05-19;06:00:00;0.0;;
1320;2021-05-19;05:45:00;0.0;;
1321;2021-05-19;05:30:00;0.0;;
1322;2021-05-19;05:15:00;0.0;;
1323;2021-05-19;05:00:00;0.0;;
1324;2021-05-19;04:45:00;0.0;;
1325;2021-05-19;04:30:00;0.0;;
1326;2021-05-19;04:15:00;0.0;;
1327;2021-05-19;04:00:00;0.0;;
1328;2021-05-19;03:45:00;0.0;;
1329;2021-05-19;03:30:00;0.0;;
1330;2021-05-19;03:15:00;0.0;;
1331;2021-05-19;03:00:00;0.0;;
1332;2021-05-19;02:45:00;0.0;;
1333;2021-05-19;02:30:00;0.0;;
1334;2021-05-19;02:15:00;0.0;;
1335;2021-05-19;02:00:00;0.0;;
1336;2021-05-19;01:45:00;0.0;;
1337;2021-05-19;01:30:00;0.0;;
1338;2021-05-19;01:15:00;0.0;;
1339;2021-05-19;01:00:00;0.0;;
1340;2021-05-19;00:45:00;0.0;;
1341;2021-05-19;00:30:00;0.0;;
1342;2021-05-19;00:15:00;0.0;;
1343;2021-05-19;00:00:00;0.0;;
1344;2021-05-18;23:45:00;0.0;;
1345;2021-05-18;23:30:00;0.0;;
1346;2021-05-18;23:15:00;0.0;;
1347;2021-05-18;23:00:00;0.0;;
1348;2021-05-18;22:45:00;0.0;;
1349;2021-05-18;22:30:00;0.0;;
1350;2021-05-18;22:15:00;0.0;;
1351;2021-05-18;22:00:00;0.0;;
1352;2021-05-18;21:45:00;0.0;;
1353;2021-05-18;21:30:00;0.0;;
1354;2021-05-18;21:15:00;0.0;;
1355;2021-05-18;21:00:00;0.0;;
1356;2021-05-18;20:45:00;0.0;;
1357;2021-05-18;20:30:00;0.0;;
1358;2021-05-18;20:15:00;0.0;;
1359;2021-05-18;20:00:00;0.0;;
1360;2021-05-18;19:45:00;0.0;;
1361;2021-05-18;19:30:00;0.0;;
1362;2021-05-18;19:15:00;0.0;;
1363;2021-05-18;19:00:00;0.0;;
1364;2021-05-18;18:45:00;0.0;;
1365;2021-05-18;18:30:00;0.0;;
1366;2021-05-18;18:15:00;0.0;;
1367;2021-05-18;18:00:00;0.0;;
1368;2021-05-18;17:45:00;0.0;;
1369;2021-05-18;17:30:00;0.0;;
1370;2021-05-18;17:15:00;0.0;;
1371;2021-05-18;17:00:00;0.0;28.0;
1372;2021-05-18;16:45:00;0.0;;
1373;2021-05-18;16:30:00;0.0;;
1374;2021-05-18;16:15:00;0.0;;
1375;2021-05-18;16:00:00;0.0;;
1376;2021-05-18;15:45:00;0.0;;
1377;2021-05-18;15:30:00;0.0;;
1378;2021-05-18;15:15:00;0.0;;
1379;2021-05-18;15:00:00;0.0;;
1380;2021-05-18;14:45:00;0.0;;
1381;2021-05-18;14:30:00;0.0;;
1382;2021-05-18;14:15:00;0.0;;
1383;2021-05-18;14:00:00;0.0;;
1384;2021-05-18;13:45:00;0.0;;
1385;2021-05-18;13:30:00;0.0;;
1386;2021-05-18;13:15:00;0.0;;
1387;2021-05-18;13:00:00;0.0;;
1388;2021-05-18;12:45:00;0.0;;
1389;2021-05-18;12:30:00;0.0;;
1390;2021-05-18;12:15:00;0.0;;
1391;2021-05-18;12:00:00;0.0;;
1392;2021-05-18;11:45:00;0.0;;
1393;2021-05-18;11:30:00;0.0;;
1394;2021-05-18;11:15:00;0.0;;
1395;2021-05-18;11:00:00;0.0;;
1396;2021-05-18;10:45:00;0.0;;
1397;2021-05-18;10:30:00;0.0;;
1398;2021-05-18;10:15:00;0.0;;
1399;2021-05-18;10:00:00;0.0;;
1400;2021-05-18;09:45:00;0.0;;
1401;2021-05-18;09:30:00;0.0;;
1402;2021-05-18;09:15:00;0.0;;
1403;2021-05-18;09:00:00;0.0;;
1404;2021-05-18;08:45:00;0.0;;
1405;2021-05-18;08:30:00;0.0;;
1406;2021-05-18;08:15:00;0.0;;
1407;2021-05-18;08:00:00;0.0;;
1408;2021-05-18;07:45:00;0.0;;
1409;2021-05-18;07:30:00;0.0;;
1410;2021-05-18;07:15:00;0.0;;
1411;2021-05-18;07:00:00;0.0;28.0;
1412;2021-05-18;06:45:00;0.0;;
1413;2021-05-18;06:30:00;0.0;;
1414;2021-05-18;06:15:00;0.0;;
1415;2021-05-18;06:00:00;0.0;;
1416;2021-05-18;05:45:00;0.0;;
1417;2021-05-18;05:30:00;0.0;;
1418;2021-05-18;05:15:00;0.0;;
1419;2021-05-18;05:00:00;0.0;;
1420;2021-05-18;04:45:00;0.0;;
1421;2021-05-18;04:30:00;0.0;;
1422;2021-05-18;04:15:00;0.0;;
1423;2021-05-18;04:00:00;0.0;;
1424;2021-05-18;03:45:00;0.0;;
1425;2021-05-18;03:30:00;0.0;;
1426;2021-05-18;03:15:00;0.0;;
1427;2021-05-18;03:00:00;0.0;;
1428;2021-05-18;02:45:00;0.0;;
1429;2021-05-18;02:30:00;0.0;;
1430;2021-05-18;02:15:00;0.0;;
1431;2021-05-18;02:00:00;0.0;;
1432;2021-05-18;01:45:00;0.0;;
1433;2021-05-18;01:30:00;0.0;;
1434;2021-05-18;01:15:00;0.0;;
1435;2021-05-18;01:00:00;0.0;;
1436;2021-05-18;00:45:00;0.0;;
1437;2021-05-18;00:30:00;0.0;;
1438;2021-05-18;00:15:00;0.0;;
1439;2021-05-18;00:00:00;0.0;;
1440;2021-05-17;23:45:00;0.0;;
1441;2021-05-17;23:30:00;0.0;;
1442;2021-05-17;23:15:00;0.0;;
1443;2021-05-17;23:00:00;0.0;;
1444;2021-05-17;22:45:00;0.0;;
1445;2021-05-17;22:30:00;0.0;;
1446;2021-05-17;22:15:00;0.0;;
1447;2021-05-17;22:00:00;0.0;;
1448;2021-05-17;21:45:00;0.0;;
1449;2021-05-17;21:30:00;0.0;;
1450;2021-05-17;21:15:00;0.0;;
1451;2021-05-17;21:00:00;0.0;;
1452;2021-05-17;20:45:00;0.0;;
1453;2021-05-17;20:30:00;0.0;;
1454;2021-05-17;20:15:00;0.0;;
1455;2021-05-17;20:00:00;0.0;;
1456;2021-05-17;19:45:00;0.0;;
1457;2021-05-17;19:30:00;0.0;;
1458;2021-05-17;19:15:00;0.0;;
1459;2021-05-17;19:00:00;0.0;;
1460;2021-05-17;18:45:00;0.0;;
1461;2021-05-17;18:30:00;0.0;;
1462;2021-05-17;18:15:00;0.0;;
1463;2021-05-17;18:00:00;0.0;;
1464;2021-05-17;17:45:00;0.0;;
1465;2021-05-17;17:30:00;0.0;;
1466;2021-05-17;17:15:00;0.0;;
1467;2021-05-17;17:00:00;0.0;28.0;
1468;2021-05-17;16:45:00;0.0;;
1469;2021-05-17;16:30:00;0.0;;
1470;2021-05-17;16:15:00;0.0;;
1471;2021-05-17;16:00:00;0.0;;
1472;2021-05-17;15:45:00;0.0;;
1473;2021-05-17;15:30:00;0.0;;
1474;2021-05-17;15:15:00;0.0;;
1475;2021-05-17;15:00:00;0.0;;
1476;2021-05-17;14:45:00;0.0;;
1477;2021-05-17;14:30:00;0.0;;
1478;2021-05-17;14:15:00;0.0;;
1479;2021-05-17;14:00:00;0.0;;
1480;2021-05-17;13:45:00;0.0;;
1481;2021-05-17;13:30:00;0.0;;
1482;2021-05-17;13:15:00;0.0;;
1483;2021-05-17;13:00:00;0.0;;
1484;2021-05-17;12:45:00;0.0;;
1485;2021-05-17;12:30:00;0.0;;
1486;2021-05-17;12:15:00;0.0;;
1487;2021-05-17;12:00:00;0.0;;
1488;2021-05-17;11:45:00;0.0;;
1489;2021-05-17;11:30:00;0.0;;
1490;2021-05-17;11:15:00;0.0;;
1491;2021-05-17;11:00:00;0.0;;
1492;2021-05-17;10:45:00;0.0;;
1493;2021-05-17;10:30:00;0.0;;
1494;2021-05-17;10:15:00;0.0;;
1495;2021-05-17;10:00:00;0.0;;
1496;2021-05-17;09:45:00;0.0;;
1497;2021-05-17;09:30:00;0.0;;
1498;2021-05-17;09:15:00;0.0;;
1499;2021-05-17;09:00:00;0.0;;
1500;2021-05-17;08:45:00;0.0;;
1501;2021-05-17;08:30:00;0.0;;
1502;2021-05-17;08:15:00;0.0;;
1503;2021-05-17;08:00:00;0.0;;
1504;2021-05-17;07:45:00;0.0;;
1505;2021-05-17;07:30:00;0.0;;
1506;2021-05-17;07:15:00;0.0;;
1507;2021-05-17;07:00:00;0.0;28.0;
1508;2021-05-17;06:45:00;0.0;;
1509;2021-05-17;06:30:00;0.0;;
1510;2021-05-17;06:15:00;0.0;;
1511;2021-05-17;06:00:00;0.0;;
1512;2021-05-17;05:45:00;0.0;;
1513;2021-05-17;05:30:00;0.0;;
1514;2021-05-17;05:15:00;0.0;;
1515;2021-05-17;05:00:00;0.0;;
1516;2021-05-17;04:45:00;0.0;;
1517;2021-05-17;04:30:00;0.0;;
1518;2021-05-17;04:15:00;0.0;;
1519;2021-05-17;04:00:00;0.0;;
1520;2021-05-17;03:45:00;0.0;;
1521;2021-05-17;03:30:00;0.0;;
1522;2021-05-17;03:15:00;0.0;;
1523;2021-05-17;03:00:00;0.0;;
1524;2021-05-17;02:45:00;0.0;;
1525;2021-05-17;02:30:00;0.0;;
1526;2021-05-17;02:15:00;0.0;;
1527;2021-05-17;02:00:00;0.0;;
1528;2021-05-17;01:45:00;0.0;;
1529;2021-05-17;01:30:00;0.0;;
1530;2021-05-17;01:15:00;0.0;;
1531;2021-05-17;01:00:00;0.0;;
1532;2021-05-17;00:45:00;0.0;;
1533;2021-05-17;00:30:00;0.0;;
1534;2021-05-17;00:15:00;0.0;;
1535;2021-05-17;00:00:00;0.0;;
1536;2021-05-16;23:45:00;0.0;;
1537;2021-05-16;23:30:00;0.0;;
1538;2021-05-16;23:15:00;0.0;;
1539;2021-05-16;23:00:00;0.0;;
1540;2021-05-16;22:45:00;0.0;;
1541;2021-05-16;22:30:00;0.0;;
1542;2021-05-16;22:15:00;0.0;;
1543;2021-05-16;22:00:00;0.0;;
1544;2021-05-16;21:45:00;0.0;;
1545;2021-05-16;21:30:00;0.0;;
1546;2021-05-16;21:15:00;0.0;;
1547;2021-05-16;21:00:00;0.0;;
1548;2021-05-16;20:45:00;0.0;;
1549;2021-05-16;20:30:00;0.0;;
1550;2021-05-16;20:15:00;0.0;;
1551;2021-05-16;20:00:00;0.0;;
1552;2021-05-16;19:45:00;0.0;;
1553;2021-05-16;19:30:00;0.0;;
1554;2021-05-16;19:15:00;0.0;;
1555;2021-05-16;19:00:00;0.0;;
1556;2021-05-16;18:45:00;0.0;;
1557;2021-05-16;18:30:00;0.0;;
1558;2021-05-16;18:15:00;0.0;;
1559;2021-05-16;18:00:00;0.0;;
1560;2021-05-16;17:45:00;0.0;;
1561;2021-05-16;17:30:00;0.0;;
1562;2021-05-16;17:15:00;0.0;;
1563;2021-05-16;17:00:00;0.0;28.0;
1564;2021-05-16;16:45:00;0.0;;
1565;2021-05-16;16:30:00;0.0;;
1566;2021-05-16;16:15:00;0.0;;
1567;2021-05-16;16:00:00;0.0;;
1568;2021-05-16;15:45:00;0.0;;
1569;2021-05-16;15:30:00;0.0;;
1570;2021-05-16;15:15:00;0.0;;
1571;2021-05-16;15:00:00;0.0;;
1572;2021-05-16;14:45:00;0.0;;
1573;2021-05-16;14:30:00;0.0;;
1574;2021-05-16;14:15:00;0.0;;
1575;2021-05-16;14:00:00;0.0;;
1576;2021-05-16;13:45:00;0.0;;
1577;2021-05-16;13:30:00;0.0;;
1578;2021-05-16;13:15:00;0.0;;
1579;2021-05-16;13:00:00;0.0;;
1580;2021-05-16;12:45:00;0.0;;
1581;2021-05-16;12:30:00;0.0;;
1582;2021-05-16;12:15:00;0.0;;
1583;2021-05-16;12:00:00;0.0;;
1584;2021-05-16;11:45:00;0.0;;
1585;2021-05-16;11:30:00;0.0;;
1586;2021-05-16;11:15:00;0.0;;
1587;2021-05-16;11:00:00;0.0;;
1588;2021-05-16;10:45:00;0.0;;
1589;2021-05-16;10:30:00;0.0;;
1590;2021-05-16;10:15:00;0.0;;
1591;2021-05-16;10:00:00;0.0;;
1592;2021-05-16;09:45:00;0.0;;
1593;2021-05-16;09:30:00;0.0;;
1594;2021-05-16;09:15:00;0.0;;
1595;2021-05-16;09:00:00;0.0;;
1596;2021-05-16;08:45:00;0.0;;
1597;2021-05-16;08:30:00;0.0;;
1598;2021-05-16;08:15:00;0.0;;
1599;2021-05-16;08:00:00;0.0;;
1600;2021-05-16;07:45:00;0.0;;
1601;2021-05-16;07:30:00;0.0;;
1602;2021-05-16;07:15:00;0.0;;
1603;2021-05-16;07:00:00;0.0;28.0;
1604;2021-05-16;06:45:00;0.0;;
1605;2021-05-16;06:30:00;0.0;;
1606;2021-05-16;06:15:00;0.0;;
1607;2021-05-16;06:00:00;0.0;;
1608;2021-05-16;05:45:00;0.0;;
1609;2021-05-16;05:30:00;0.0;;
1610;2021-05-16;05:15:00;0.0;;
1611;2021-05-16;05:00:00;0.0;;
1612;2021-05-16;04:45:00;0.0;;
1613;2021-05-16;04:30:00;0.0;;
1614;2021-05-16;04:15:00;0.0;;
1615;2021-05-16;04:00:00;0.0;;
1616;2021-05-16;03:45:00;0.0;;
1617;2021-05-16;03:30:00;0.0;;
1618;2021-05-16;03:15:00;0.0;;
1619;2021-05-16;03:00:00;0.0;;
1620;2021-05-16;02:45:00;0.0;;
1621;2021-05-16;02:30:00;0.0;;
1622;2021-05-16;02:15:00;0.0;;
1623;2021-05-16;02:00:00;0.0;;
1624;2021-05-16;01:45:00;0.0;;
1625;2021-05-16;01:30:00;0.0;;
1626;2021-05-16;01:15:00;0.0;;
1627;2021-05-16;01:00:00;0.0;;
1628;2021-05-16;00:45:00;0.0;;
1629;2021-05-16;00:30:00;0.0;;
1630;2021-05-16;00:15:00;0.0;;
1631;2021-05-16;00:00:00;0.0;;
1632;2021-05-15;23:45:00;0.0;;
1633;2021-05-15;23:30:00;0.0;;
1634;2021-05-15;23:15:00;0.0;;
1635;2021-05-15;23:00:00;0.0;;
1636;2021-05-15;22:45:00;0.0;;
1637;2021-05-15;22:30:00;0.0;;
1638;2021-05-15;22:15:00;0.0;;
1639;2021-05-15;22:00:00;0.0;;
1640;2021-05-15;21:45:00;0.0;;
1641;2021-05-15;21:30:00;0.0;;
1642;2021-05-15;21:15:00;0.0;;
1643;2021-05-15;21:00:00;0.0;;
1644;2021-05-15;20:45:00;0.0;;
1645;2021-05-15;20:30:00;0.0;;
1646;2021-05-15;20:15:00;0.0;;
1647;2021-05-15;20:00:00;0.0;;
1648;2021-05-15;19:45:00;0.0;;
1649;2021-05-15;19:30:00;0.0;;
1650;2021-05-15;19:15:00;0.0;;
1651;2021-05-15;19:00:00;0.0;;
1652;2021-05-15;18:45:00;0.0;;
1653;2021-05-15;18:30:00;0.0;;
1654;2021-05-15;18:15:00;0.0;;
1655;2021-05-15;18:00:00;0.0;;
1656;2021-05-15;17:45:00;0.0;;
1657;2021-05-15;17:30:00;0.0;;
1658;2021-05-15;17:15:00;0.0;;
1659;2021-05-15;17:00:00;0.0;29.0;
1660;2021-05-15;16:45:00;0.0;;
1661;2021-05-15;16:30:00;0.0;;
1662;2021-05-15;16:15:00;0.0;;
1663;2021-05-15;16:00:00;0.0;;
1664;2021-05-15;15:45:00;0.0;;
1665;2021-05-15;15:30:00;0.0;;
1666;2021-05-15;15:15:00;0.0;;
1667;2021-05-15;15:00:00;0.0;;
1668;2021-05-15;14:45:00;0.0;;
1669;2021-05-15;14:30:00;0.0;;
1670;2021-05-15;14:15:00;0.0;;
1671;2021-05-15;14:00:00;0.0;;
1672;2021-05-15;13:45:00;0.0;;
1673;2021-05-15;13:30:00;0.0;;
1674;2021-05-15;13:15:00;0.0;;
1675;2021-05-15;13:00:00;0.0;;
1676;2021-05-15;12:45:00;0.0;;
1677;2021-05-15;12:30:00;0.0;;
1678;2021-05-15;12:15:00;0.0;;
1679;2021-05-15;12:00:00;0.0;;
1680;2021-05-15;11:45:00;0.0;;
1681;2021-05-15;11:30:00;0.0;;
1682;2021-05-15;11:15:00;0.0;;
1683;2021-05-15;11:00:00;0.0;;
1684;2021-05-15;10:45:00;0.0;;
1685;2021-05-15;10:30:00;0.0;;
1686;2021-05-15;10:15:00;0.0;;
1687;2021-05-15;10:00:00;0.0;;
1688;2021-05-15;09:45:00;0.0;;
1689;2021-05-15;09:30:00;0.0;;
1690;2021-05-15;09:15:00;0.0;;
1691;2021-05-15;09:00:00;0.0;;
1692;2021-05-15;08:45:00;0.0;;
1693;2021-05-15;08:30:00;0.0;;
1694;2021-05-15;08:15:00;0.0;;
1695;2021-05-15;08:00:00;0.0;;
1696;2021-05-15;07:45:00;0.0;;
1697;2021-05-15;07:30:00;0.0;;
1698;2021-05-15;07:15:00;0.0;;
1699;2021-05-15;07:00:00;0.0;29.0;
1700;2021-05-15;06:45:00;0.0;;
1701;2021-05-15;06:30:00;0.0;;
1702;2021-05-15;06:15:00;0.0;;
1703;2021-05-15;06:00:00;0.0;;
1704;2021-05-15;05:45:00;0.0;;
1705;2021-05-15;05:30:00;0.0;;
1706;2021-05-15;05:15:00;0.0;;
1707;2021-05-15;05:00:00;0.0;;
1708;2021-05-15;04:45:00;0.0;;
1709;2021-05-15;04:30:00;0.0;;
1710;2021-05-15;04:15:00;0.0;;
1711;2021-05-15;04:00:00;0.0;;
1712;2021-05-15;03:45:00;0.0;;
1713;2021-05-15;03:30:00;0.0;;
1714;2021-05-15;03:15:00;0.0;;
1715;2021-05-15;03:00:00;0.0;;
1716;2021-05-15;02:45:00;0.0;;
1717;2021-05-15;02:30:00;0.0;;
1718;2021-05-15;02:15:00;0.0;;
1719;2021-05-15;02:00:00;0.0;;
1720;2021-05-15;01:45:00;0.0;;
1721;2021-05-15;01:30:00;0.0;;
1722;2021-05-15;01:15:00;0.0;;
1723;2021-05-15;01:00:00;0.0;;
1724;2021-05-15;00:45:00;0.0;;
1725;2021-05-15;00:30:00;0.0;;
1726;2021-05-15;00:15:00;0.0;;
1727;2021-05-15;00:00:00;0.0;;
1728;2021-05-14;23:45:00;0.0;;
1729;2021-05-14;23:30:00;0.0;;
1730;2021-05-14;23:15:00;0.0;;
1731;2021-05-14;23:00:00;0.0;;
1732;2021-05-14;22:45:00;0.0;;
1733;2021-05-14;22:30:00;0.0;;
1734;2021-05-14;22:15:00;0.0;;
1735;2021-05-14;22:00:00;0.0;;
1736;2021-05-14;21:45:00;0.0;;
1737;2021-05-14;21:30:00;0.0;;
1738;2021-05-14;21:15:00;0.0;;
1739;2021-05-14;21:00:00;0.0;;
1740;2021-05-14;20:45:00;0.0;;
1741;2021-05-14;20:30:00;0.0;;
1742;2021-05-14;20:15:00;0.0;;
1743;2021-05-14;20:00:00;0.0;;
1744;2021-05-14;19:45:00;0.0;;
1745;2021-05-14;19:30:00;0.0;;
1746;2021-05-14;19:15:00;0.0;;
1747;2021-05-14;19:00:00;0.0;;
1748;2021-05-14;18:45:00;0.0;;
1749;2021-05-14;18:30:00;0.0;;
1750;2021-05-14;18:15:00;0.0;;
1751;2021-05-14;18:00:00;0.0;;
1752;2021-05-14;17:45:00;0.0;;
1753;2021-05-14;17:30:00;0.0;;
1754;2021-05-14;17:15:00;0.0;;
1755;2021-05-14;17:00:00;0.0;30.0;
1756;2021-05-14;16:45:00;0.0;;
1757;2021-05-14;16:30:00;0.0;;
1758;2021-05-14;16:15:00;0.0;;
1759;2021-05-14;16:00:00;0.0;;
1760;2021-05-14;15:45:00;0.0;;
1761;2021-05-14;15:30:00;0.0;;
1762;2021-05-14;15:15:00;0.0;;
1763;2021-05-14;15:00:00;0.0;;
1764;2021-05-14;14:45:00;0.0;;
1765;2021-05-14;14:30:00;0.0;;
1766;2021-05-14;14:15:00;0.0;;
1767;2021-05-14;14:00:00;0.0;;
1768;2021-05-14;13:45:00;0.0;;
1769;2021-05-14;13:30:00;0.0;;
1770;2021-05-14;13:15:00;0.0;;
1771;2021-05-14;13:00:00;0.0;;
1772;2021-05-14;12:45:00;0.0;;
1773;2021-05-14;12:30:00;0.0;;
1774;2021-05-14;12:15:00;0.0;;
1775;2021-05-14;12:00:00;0.0;;
1776;2021-05-14;11:45:00;0.0;;
1777;2021-05-14;11:30:00;0.0;;
1778;2021-05-14;11:15:00;0.0;;
1779;2021-05-14;11:00:00;0.0;;
1780;2021-05-14;10:45:00;0.0;;
1781;2021-05-14;10:30:00;0.0;;
1782;2021-05-14;10:15:00;0.0;;
1783;2021-05-14;10:00:00;0.0;;
1784;2021-05-14;09:45:00;0.0;;
1785;2021-05-14;09:30:00;0.0;;
1786;2021-05-14;09:15:00;0.0;;
1787;2021-05-14;09:00:00;0.0;;
1788;2021-05-14;08:45:00;0.0;;
1789;2021-05-14;08:30:00;0.0;;
1790;2021-05-14;08:15:00;0.0;;
1791;2021-05-14;08:00:00;0.0;;
1792;2021-05-14;07:45:00;0.0;;
1793;2021-05-14;07:30:00;0.0;;
1794;2021-05-14;07:15:00;0.0;;
1795;2021-05-14;07:00:00;0.0;30.0;
1796;2021-05-14;06:45:00;0.0;;
1797;2021-05-14;06:30:00;0.0;;
1798;2021-05-14;06:15:00;0.0;;
1799;2021-05-14;06:00:00;0.0;;
1800;2021-05-14;05:45:00;0.0;;
1801;2021-05-14;05:30:00;0.0;;
1802;2021-05-14;05:15:00;0.0;;
1803;2021-05-14;05:00:00;0.0;;
1804;2021-05-14;04:45:00;0.0;;
1805;2021-05-14;04:30:00;0.0;;
1806;2021-05-14;04:15:00;0.0;;
1807;2021-05-14;04:00:00;0.0;;
1808;2021-05-14;03:45:00;0.0;;
1809;2021-05-14;03:30:00;0.0;;
1810;2021-05-14;03:15:00;0.0;;
1811;2021-05-14;03:00:00;0.0;;
1812;2021-05-14;02:45:00;0.0;;
1813;2021-05-14;02:30:00;0.0;;
1814;2021-05-14;02:15:00;0.0;;
1815;2021-05-14;02:00:00;0.0;;
1816;2021-05-14;01:45:00;0.0;;
1817;2021-05-14;01:30:00;0.0;;
1818;2021-05-14;01:15:00;0.0;;
1819;2021-05-14;01:00:00;0.0;;
1820;2021-05-14;00:45:00;0.0;;
1821;2021-05-14;00:30:00;0.0;;
1822;2021-05-14;00:15:00;0.0;;
1823;2021-05-14;00:00:00;0.0;;
1824;2021-05-13;23:45:00;0.0;;
1825;2021-05-13;23:30:00;0.0;;
1826;2021-05-13;23:15:00;0.0;;
1827;2021-05-13;23:00:00;0.0;;
1828;2021-05-13;22:45:00;0.0;;
1829;2021-05-13;22:30:00;0.0;;
1830;2021-05-13;22:15:00;0.0;;
1831;2021-05-13;22:00:00;0.0;;
1832;2021-05-13;21:45:00;0.0;;
1833;2021-05-13;21:30:00;0.0;;
1834;2021-05-13;21:15:00;0.0;;
1835;2021-05-13;21:00:00;0.0;;
1836;2021-05-13;20:45:00;0.0;;
1837;2021-05-13;20:30:00;0.0;;
1838;2021-05-13;20:15:00;0.0;;
1839;2021-05-13;20:00:00;0.0;;
1840;2021-05-13;19:45:00;0.0;;
1841;2021-05-13;19:30:00;0.0;;
1842;2021-05-13;19:15:00;0.0;;
1843;2021-05-13;19:00:00;0.0;;
1844;2021-05-13;18:45:00;0.0;;
1845;2021-05-13;18:30:00;0.0;;
1846;2021-05-13;18:15:00;0.0;;
1847;2021-05-13;18:00:00;0.0;;
1848;2021-05-13;17:45:00;0.0;;
1849;2021-05-13;17:30:00;0.0;;
1850;2021-05-13;17:15:00;0.0;;
1851;2021-05-13;17:00:00;0.0;30.0;
1852;2021-05-13;16:45:00;0.0;;
1853;2021-05-13;16:30:00;0.0;;
1854;2021-05-13;16:15:00;0.0;;
1855;2021-05-13;16:00:00;0.0;;
1856;2021-05-13;15:45:00;0.0;;
1857;2021-05-13;15:30:00;0.0;;
1858;2021-05-13;15:15:00;0.0;;
1859;2021-05-13;15:00:00;0.0;;
1860;2021-05-13;14:45:00;0.0;;
1861;2021-05-13;14:30:00;0.0;;
1862;2021-05-13;14:15:00;0.0;;
1863;2021-05-13;14:00:00;0.0;;
1864;2021-05-13;13:45:00;0.0;;
1865;2021-05-13;13:30:00;0.0;;
1866;2021-05-13;13:15:00;0.0;;
1867;2021-05-13;13:00:00;0.0;;
1868;2021-05-13;12:45:00;0.0;;
1869;2021-05-13;12:30:00;0.0;;
1870;2021-05-13;12:15:00;0.0;;
1871;2021-05-13;12:00:00;0.0;;
1872;2021-05-13;11:45:00;0.0;;
1873;2021-05-13;11:30:00;0.0;;
1874;2021-05-13;11:15:00;0.0;;
1875;2021-05-13;11:00:00;0.0;;
1876;2021-05-13;10:45:00;0.0;;
1877;2021-05-13;10:30:00;0.0;;
1878;2021-05-13;10:15:00;0.0;;
1879;2021-05-13;10:00:00;0.0;;
1880;2021-05-13;09:45:00;0.0;;
1881;2021-05-13;09:30:00;0.0;;
1882;2021-05-13;09:15:00;0.0;;
1883;2021-05-13;09:00:00;0.0;;
1884;2021-05-13;08:45:00;0.0;;
1885;2021-05-13;08:30:00;0.0;;
1886;2021-05-13;08:15:00;0.0;;
1887;2021-05-13;08:00:00;0.0;;
1888;2021-05-13;07:45:00;0.0;;
1889;2021-05-13;07:30:00;0.0;;
1890;2021-05-13;07:15:00;0.0;;
1891;2021-05-13;07:00:00;0.0;30.0;
1892;2021-05-13;06:45:00;0.0;;
1893;2021-05-13;06:30:00;0.0;;
1894;2021-05-13;06:15:00;0.0;;
1895;2021-05-13;06:00:00;0.0;;
1896;2021-05-13;05:45:00;0.0;;
1897;2021-05-13;05:30:00;0.0;;
1898;2021-05-13;05:15:00;0.0;;
1899;2021-05-13;05:00:00;0.0;;
1900;2021-05-13;04:45:00;0.0;;
1901;2021-05-13;04:30:00;0.0;;
1902;2021-05-13;04:15:00;0.0;;
1903;2021-05-13;04:00:00;0.0;;
1904;2021-05-13;03:45:00;0.0;;
1905;2021-05-13;03:30:00;0.0;;
1906;2021-05-13;03:15:00;0.0;;
1907;2021-05-13;03:00:00;0.0;;
1908;2021-05-13;02:45:00;0.0;;
1909;2021-05-13;02:30:00;0.0;;
1910;2021-05-13;02:15:00;0.0;;
1911;2021-05-13;02:00:00;0.0;;
1912;2021-05-13;01:45:00;0.0;;
1913;2021-05-13;01:30:00;0.0;;
1914;2021-05-13;01:15:00;0.0;;
1915;2021-05-13;01:00:00;0.0;;
1916;2021-05-13;00:45:00;0.0;;
1917;2021-05-13;00:30:00;0.0;;
1918;2021-05-13;00:15:00;0.0;;
1919;2021-05-13;00:00:00;0.0;;
1920;2021-05-12;23:45:00;0.0;;
1921;2021-05-12;23:30:00;0.0;;
1922;2021-05-12;23:15:00;0.0;;
1923;2021-05-12;23:00:00;0.0;;
1924;2021-05-12;22:45:00;0.0;;
1925;2021-05-12;22:30:00;0.0;;
1926;2021-05-12;22:15:00;0.0;;
1927;2021-05-12;22:00:00;0.0;;
1928;2021-05-12;21:45:00;0.0;;
1929;2021-05-12;21:30:00;0.0;;
1930;2021-05-12;21:15:00;0.0;;
1931;2021-05-12;21:00:00;0.0;;
1932;2021-05-12;20:45:00;0.0;;
1933;2021-05-12;20:30:00;0.0;;
1934;2021-05-12;20:15:00;0.0;;
1935;2021-05-12;20:00:00;0.0;;
1936;2021-05-12;19:45:00;0.0;;
1937;2021-05-12;19:30:00;0.0;;
1938;2021-05-12;19:15:00;0.0;;
1939;2021-05-12;19:00:00;0.0;;
1940;2021-05-12;18:45:00;0.0;;
1941;2021-05-12;18:30:00;0.0;;
1942;2021-05-12;18:15:00;0.0;;
1943;2021-05-12;18:00:00;0.0;;
1944;2021-05-12;17:45:00;0.0;;
1945;2021-05-12;17:30:00;0.0;;
1946;2021-05-12;17:15:00;0.0;;
1947;2021-05-12;17:00:00;;30.0;
1948;2021-05-12;16:45:00;0.0;;
1949;2021-05-12;16:30:00;0.0;;
1950;2021-05-12;16:15:00;0.0;;
1951;2021-05-12;16:00:00;0.0;;
1952;2021-05-12;15:45:00;0.0;;
1953;2021-05-12;15:30:00;0.0;;
1954;2021-05-12;15:15:00;0.0;;
1955;2021-05-12;15:00:00;0.0;;
1956;2021-05-12;14:45:00;0.0;;
1957;2021-05-12;14:30:00;0.0;;
1958;2021-05-12;14:15:00;0.0;;
1959;2021-05-12;14:00:00;0.0;;
1960;2021-05-12;13:45:00;0.0;;
1961;2021-05-12;13:30:00;0.0;;
1962;2021-05-12;13:15:00;0.0;;
1963;2021-05-12;13:00:00;0.0;;
1964;2021-05-12;12:45:00;0.0;;
1965;2021-05-12;12:30:00;0.0;;
1966;2021-05-12;12:15:00;0.0;;
1967;2021-05-12;12:00:00;0.0;;
1968;2021-05-12;11:45:00;0.0;;
1969;2021-05-12;11:30:00;0.0;;
1970;2021-05-12;11:15:00;0.0;;
1971;2021-05-12;11:00:00;0.0;;
1972;2021-05-12;10:45:00;0.0;;
1973;2021-05-12;10:30:00;0.0;;
1974;2021-05-12;10:15:00;0.0;;
1975;2021-05-12;10:00:00;0.0;;
1976;2021-05-12;09:45:00;0.0;;
1977;2021-05-12;09:30:00;0.0;;
1978;2021-05-12;09:15:00;0.0;;
1979;2021-05-12;09:00:00;0.0;;
1980;2021-05-12;08:45:00;0.0;;
1981;2021-05-12;08:30:00;0.0;;
1982;2021-05-12;08:15:00;0.0;;
1983;2021-05-12;08:00:00;0.0;;
1984;2021-05-12;07:45:00;0.0;;
1985;2021-05-12;07:30:00;0.0;;
1986;2021-05-12;07:15:00;0.0;;
1987;2021-05-12;07:00:00;0.0;30.0;
1988;2021-05-12;06:45:00;0.0;;
1989;2021-05-12;06:30:00;0.0;;
1990;2021-05-12;06:15:00;;;
1991;2021-05-12;06:00:00;;;
1992;2021-05-12;05:45:00;;;
1993;2021-05-12;05:30:00;;;
1994;2021-05-12;05:15:00;0.0;;
1995;2021-05-12;05:00:00;0.0;;
1996;2021-05-12;04:45:00;0.0;;
1997;2021-05-12;04:30:00;0.0;;
1998;2021-05-12;04:15:00;0.0;;
1999;2021-05-12;04:00:00;0.0;;
2000;2021-05-12;03:45:00;0.0;;
2001;2021-05-12;03:30:00;0.0;;
2002;2021-05-12;03:15:00;0.0;;
2003;2021-05-12;03:00:00;0.0;;
2004;2021-05-12;02:45:00;0.0;;
2005;2021-05-12;02:30:00;0.0;;
2006;2021-05-12;02:15:00;0.0;;
2007;2021-05-12;02:00:00;0.0;;
2008;2021-05-12;01:45:00;0.0;;
2009;2021-05-12;01:30:00;0.0;;
2010;2021-05-12;01:15:00;0.0;;
2011;2021-05-12;01:00:00;0.0;;
2012;2021-05-12;00:45:00;0.0;;
2013;2021-05-12;00:30:00;0.0;;
2014;2021-05-12;00:15:00;0.0;;
2015;2021-05-12;00:00:00;0.0;;
2016;2021-05-11;23:45:00;0.0;;
2017;2021-05-11;23:30:00;0.0;;
2018;2021-05-11;23:15:00;0.0;;
2019;2021-05-11;23:00:00;0.0;;
2020;2021-05-11;22:45:00;0.0;;
2021;2021-05-11;22:30:00;0.0;;
2022;2021-05-11;22:15:00;0.0;;
2023;2021-05-11;22:00:00;0.0;;
2024;2021-05-11;21:45:00;0.0;;
2025;2021-05-11;21:30:00;0.0;;
2026;2021-05-11;21:15:00;0.0;;
2027;2021-05-11;21:00:00;0.0;;
2028;2021-05-11;20:45:00;0.0;;
2029;2021-05-11;20:30:00;0.0;;
2030;2021-05-11;20:15:00;0.0;;
2031;2021-05-11;20:00:00;0.0;;
2032;2021-05-11;19:45:00;0.0;;
2033;2021-05-11;19:30:00;0.0;;
2034;2021-05-11;19:15:00;0.0;;
2035;2021-05-11;19:00:00;0.0;;
2036;2021-05-11;18:45:00;0.0;;
2037;2021-05-11;18:30:00;0.0;;
2038;2021-05-11;18:15:00;0.0;;
2039;2021-05-11;18:00:00;0.0;;
2040;2021-05-11;17:45:00;0.0;;
2041;2021-05-11;17:30:00;0.0;;
2042;2021-05-11;17:15:00;0.0;;
2043;2021-05-11;17:00:00;0.0;30.0;
2044;2021-05-11;16:45:00;0.0;;
2045;2021-05-11;16:30:00;0.0;;
2046;2021-05-11;16:15:00;0.0;;
2047;2021-05-11;16:00:00;0.0;;
2048;2021-05-11;15:45:00;0.0;;
2049;2021-05-11;15:30:00;0.0;;
2050;2021-05-11;15:15:00;0.0;;
2051;2021-05-11;15:00:00;0.0;;
2052;2021-05-11;14:45:00;0.0;;
2053;2021-05-11;14:30:00;0.0;;
2054;2021-05-11;14:15:00;0.0;;
2055;2021-05-11;14:00:00;0.0;;
2056;2021-05-11;13:45:00;0.0;;
2057;2021-05-11;13:30:00;0.0;;
2058;2021-05-11;13:15:00;0.0;;
2059;2021-05-11;13:00:00;0.0;;
2060;2021-05-11;12:45:00;0.0;;
2061;2021-05-11;12:30:00;0.0;;
2062;2021-05-11;12:15:00;0.0;;
2063;2021-05-11;12:00:00;0.0;;
2064;2021-05-11;11:45:00;0.0;;
2065;2021-05-11;11:30:00;0.0;;
2066;2021-05-11;11:15:00;0.0;;
2067;2021-05-11;11:00:00;0.0;;
2068;2021-05-11;10:45:00;0.0;;
2069;2021-05-11;10:30:00;0.0;;
2070;2021-05-11;10:15:00;0.0;;
2071;2021-05-11;10:00:00;0.0;;
2072;2021-05-11;09:45:00;0.0;;
2073;2021-05-11;09:30:00;0.0;;
2074;2021-05-11;09:15:00;0.0;;
2075;2021-05-11;09:00:00;0.0;;
2076;2021-05-11;08:45:00;0.0;;
2077;2021-05-11;08:30:00;0.0;;
2078;2021-05-11;08:15:00;0.0;;
2079;2021-05-11;08:00:00;0.0;;
2080;2021-05-11;07:45:00;0.0;;
2081;2021-05-11;07:30:00;0.0;;
2082;2021-05-11;07:15:00;0.0;;
2083;2021-05-11;07:00:00;0.0;30.0;
2084;2021-05-11;06:45:00;0.0;;
2085;2021-05-11;06:30:00;0.0;;
2086;2021-05-11;06:15:00;0.0;;
2087;2021-05-11;06:00:00;0.0;;
2088;2021-05-11;05:45:00;0.0;;
2089;2021-05-11;05:30:00;0.0;;
2090;2021-05-11;05:15:00;0.0;;
2091;2021-05-11;05:00:00;0.0;;
2092;2021-05-11;04:45:00;0.0;;
2093;2021-05-11;04:30:00;0.0;;
2094;2021-05-11;04:15:00;0.0;;
2095;2021-05-11;04:00:00;0.0;;
2096;2021-05-11;03:45:00;0.0;;
2097;2021-05-11;03:30:00;0.0;;
2098;2021-05-11;03:15:00;0.0;;
2099;2021-05-11;03:00:00;0.0;;
2100;2021-05-11;02:45:00;0.0;;
2101;2021-05-11;02:30:00;0.0;;
2102;2021-05-11;02:15:00;0.0;;
2103;2021-05-11;02:00:00;0.0;;
2104;2021-05-11;01:45:00;0.0;;
2105;2021-05-11;01:30:00;0.0;;
2106;2021-05-11;01:15:00;0.0;;
2107;2021-05-11;01:00:00;0.0;;
2108;2021-05-11;00:45:00;0.0;;
2109;2021-05-11;00:30:00;0.0;;
2110;2021-05-11;00:15:00;0.0;;
2111;2021-05-11;00:00:00;0.0;;
2112;2021-05-10;23:45:00;0.0;;
2113;2021-05-10;23:30:00;0.0;;
2114;2021-05-10;23:15:00;0.0;;
2115;2021-05-10;23:00:00;0.0;;
2116;2021-05-10;22:45:00;0.0;;
2117;2021-05-10;22:30:00;0.0;;
2118;2021-05-10;22:15:00;0.0;;
2119;2021-05-10;22:00:00;0.0;;
2120;2021-05-10;21:45:00;0.0;;
2121;2021-05-10;21:30:00;0.0;;
2122;2021-05-10;21:15:00;0.0;;
2123;2021-05-10;21:00:00;0.0;;
2124;2021-05-10;20:45:00;0.0;;
2125;2021-05-10;20:30:00;0.0;;
2126;2021-05-10;20:15:00;0.0;;
2127;2021-05-10;20:00:00;0.0;;
2128;2021-05-10;19:45:00;0.0;;
2129;2021-05-10;19:30:00;0.0;;
2130;2021-05-10;19:15:00;0.0;;
2131;2021-05-10;19:00:00;0.0;;
2132;2021-05-10;18:45:00;0.0;;
2133;2021-05-10;18:30:00;0.0;;
2134;2021-05-10;18:15:00;0.0;;
2135;2021-05-10;18:00:00;0.0;;
2136;2021-05-10;17:45:00;0.0;;
2137;2021-05-10;17:30:00;0.0;;
2138;2021-05-10;17:15:00;0.0;;
2139;2021-05-10;17:00:00;0.0;30.0;
2140;2021-05-10;16:45:00;0.0;;
2141;2021-05-10;16:30:00;0.0;;
2142;2021-05-10;16:15:00;0.0;;
2143;2021-05-10;16:00:00;0.0;;
2144;2021-05-10;15:45:00;0.0;;
2145;2021-05-10;15:30:00;0.0;;
2146;2021-05-10;15:15:00;0.0;;
2147;2021-05-10;15:00:00;0.0;;
2148;2021-05-10;14:45:00;0.0;;
2149;2021-05-10;14:30:00;0.0;;
2150;2021-05-10;14:15:00;0.0;;
2151;2021-05-10;14:00:00;0.0;;
2152;2021-05-10;13:45:00;0.0;;
2153;2021-05-10;13:30:00;0.0;;
2154;2021-05-10;13:15:00;0.0;;
2155;2021-05-10;13:00:00;0.0;;
2156;2021-05-10;12:45:00;0.0;;
2157;2021-05-10;12:30:00;0.0;;
2158;2021-05-10;12:15:00;0.0;;
2159;2021-05-10;12:00:00;0.0;;
2160;2021-05-10;11:45:00;0.0;;
2161;2021-05-10;11:30:00;0.0;;
2162;2021-05-10;11:15:00;0.0;;
2163;2021-05-10;11:00:00;0.0;;
2164;2021-05-10;10:45:00;0.0;;
2165;2021-05-10;10:30:00;0.0;;
2166;2021-05-10;10:15:00;0.0;;
2167;2021-05-10;10:00:00;0.0;;
2168;2021-05-10;09:45:00;0.0;;
2169;2021-05-10;09:30:00;0.0;;
2170;2021-05-10;09:15:00;0.0;;
2171;2021-05-10;09:00:00;0.0;;
2172;2021-05-10;08:45:00;0.0;;
2173;2021-05-10;08:30:00;0.0;;
2174;2021-05-10;08:15:00;0.0;;
2175;2021-05-10;08:00:00;0.0;;
2176;2021-05-10;07:45:00;0.0;;
2177;2021-05-10;07:30:00;0.0;;
2178;2021-05-10;07:15:00;0.0;;
2179;2021-05-10;07:00:00;0.0;31.0;
2180;2021-05-10;06:45:00;0.0;;
2181;2021-05-10;06:30:00;0.0;;
2182;2021-05-10;06:15:00;0.0;;
2183;2021-05-10;06:00:00;0.0;;
2184;2021-05-10;05:45:00;0.0;;
2185;2021-05-10;05:30:00;0.0;;
2186;2021-05-10;05:15:00;0.0;;
2187;2021-05-10;05:00:00;0.0;;
2188;2021-05-10;04:45:00;0.0;;
2189;2021-05-10;04:30:00;0.0;;
2190;2021-05-10;04:15:00;0.0;;
2191;2021-05-10;04:00:00;0.0;;
2192;2021-05-10;03:45:00;0.0;;
2193;2021-05-10;03:30:00;0.0;;
2194;2021-05-10;03:15:00;0.0;;
2195;2021-05-10;03:00:00;0.0;;
2196;2021-05-10;02:45:00;0.0;;
2197;2021-05-10;02:30:00;0.0;;
2198;2021-05-10;02:15:00;0.0;;
2199;2021-05-10;02:00:00;0.0;;
2200;2021-05-10;01:45:00;0.0;;
2201;2021-05-10;01:30:00;0.0;;
2202;2021-05-10;01:15:00;0.0;;
2203;2021-05-10;01:00:00;0.0;;
2204;2021-05-10;00:45:00;0.0;;
2205;2021-05-10;00:30:00;0.0;;
2206;2021-05-10;00:15:00;0.0;;
2207;2021-05-10;00:00:00;0.0;;
2208;2021-05-09;23:45:00;0.0;;
2209;2021-05-09;23:30:00;0.0;;
2210;2021-05-09;23:15:00;0.0;;
2211;2021-05-09;23:00:00;0.0;;
2212;2021-05-09;22:45:00;0.0;;
2213;2021-05-09;22:30:00;0.0;;
2214;2021-05-09;22:15:00;0.0;;
2215;2021-05-09;22:00:00;0.0;;
2216;2021-05-09;21:45:00;0.0;;
2217;2021-05-09;21:30:00;0.0;;
2218;2021-05-09;21:15:00;0.0;;
2219;2021-05-09;21:00:00;0.0;;
2220;2021-05-09;20:45:00;0.0;;
2221;2021-05-09;20:30:00;0.0;;
2222;2021-05-09;20:15:00;0.0;;
2223;2021-05-09;20:00:00;0.0;;
2224;2021-05-09;19:45:00;0.0;;
2225;2021-05-09;19:30:00;0.0;;
2226;2021-05-09;19:15:00;0.0;;
2227;2021-05-09;19:00:00;0.0;;
2228;2021-05-09;18:45:00;0.0;;
2229;2021-05-09;18:30:00;0.0;;
2230;2021-05-09;18:15:00;0.0;;
2231;2021-05-09;18:00:00;0.0;;
2232;2021-05-09;17:45:00;0.0;;
2233;2021-05-09;17:30:00;0.0;;
2234;2021-05-09;17:15:00;0.0;;
2235;2021-05-09;17:00:00;0.0;31.0;
2236;2021-05-09;16:45:00;0.0;;
2237;2021-05-09;16:30:00;0.0;;
2238;2021-05-09;16:15:00;0.0;;
2239;2021-05-09;16:00:00;0.0;;
2240;2021-05-09;15:45:00;0.0;;
2241;2021-05-09;15:30:00;0.0;;
2242;2021-05-09;15:15:00;0.0;;
2243;2021-05-09;15:00:00;0.0;;
2244;2021-05-09;14:45:00;0.0;;
2245;2021-05-09;14:30:00;0.0;;
2246;2021-05-09;14:15:00;0.0;;
2247;2021-05-09;14:00:00;0.0;;
2248;2021-05-09;13:45:00;0.0;;
2249;2021-05-09;13:30:00;0.0;;
2250;2021-05-09;13:15:00;0.0;;
2251;2021-05-09;13:00:00;0.0;;
2252;2021-05-09;12:45:00;0.0;;
2253;2021-05-09;12:30:00;0.0;;
2254;2021-05-09;12:15:00;0.0;;
2255;2021-05-09;12:00:00;0.0;;
2256;2021-05-09;11:45:00;0.0;;
2257;2021-05-09;11:30:00;0.0;;
2258;2021-05-09;11:15:00;0.0;;
2259;2021-05-09;11:00:00;0.0;;
2260;2021-05-09;10:45:00;0.0;;
2261;2021-05-09;10:30:00;0.0;;
2262;2021-05-09;10:15:00;0.0;;
2263;2021-05-09;10:00:00;0.0;;
2264;2021-05-09;09:45:00;0.0;;
2265;2021-05-09;09:30:00;0.0;;
2266;2021-05-09;09:15:00;0.0;;
2267;2021-05-09;09:00:00;0.0;;
2268;2021-05-09;08:45:00;0.0;;
2269;2021-05-09;08:30:00;0.0;;
2270;2021-05-09;08:15:00;0.0;;
2271;2021-05-09;08:00:00;0.0;;
2272;2021-05-09;07:45:00;0.0;;
2273;2021-05-09;07:30:00;0.0;;
2274;2021-05-09;07:15:00;0.0;;
2275;2021-05-09;07:00:00;0.0;31.0;
2276;2021-05-09;06:45:00;0.0;;
2277;2021-05-09;06:30:00;0.0;;
2278;2021-05-09;06:15:00;0.0;;
2279;2021-05-09;06:00:00;0.0;;
2280;2021-05-09;05:45:00;0.0;;
2281;2021-05-09;05:30:00;0.0;;
2282;2021-05-09;05:15:00;0.0;;
2283;2021-05-09;05:00:00;0.0;;
2284;2021-05-09;04:45:00;0.0;;
2285;2021-05-09;04:30:00;0.0;;
2286;2021-05-09;04:15:00;0.0;;
2287;2021-05-09;04:00:00;0.0;;
2288;2021-05-09;03:45:00;0.0;;
2289;2021-05-09;03:30:00;0.0;;
2290;2021-05-09;03:15:00;0.0;;
2291;2021-05-09;03:00:00;0.0;;
2292;2021-05-09;02:45:00;0.0;;
2293;2021-05-09;02:30:00;0.0;;
2294;2021-05-09;02:15:00;0.0;;
2295;2021-05-09;02:00:00;0.0;;
2296;2021-05-09;01:45:00;0.0;;
2297;2021-05-09;01:30:00;0.0;;
2298;2021-05-09;01:15:00;0.0;;
2299;2021-05-09;01:00:00;0.0;;
2300;2021-05-09;00:45:00;0.0;;
2301;2021-05-09;00:30:00;0.0;;
2302;2021-05-09;00:15:00;0.0;;
2303;2021-05-09;00:00:00;0.0;;
2304;2021-05-08;23:45:00;0.0;;
2305;2021-05-08;23:30:00;0.0;;
2306;2021-05-08;23:15:00;0.0;;
2307;2021-05-08;23:00:00;0.0;;
2308;2021-05-08;22:45:00;0.0;;
2309;2021-05-08;22:30:00;0.0;;
2310;2021-05-08;22:15:00;0.0;;
2311;2021-05-08;22:00:00;0.0;;
2312;2021-05-08;21:45:00;0.0;;
2313;2021-05-08;21:30:00;0.0;;
2314;2021-05-08;21:15:00;0.0;;
2315;2021-05-08;21:00:00;0.0;;
2316;2021-05-08;20:45:00;0.0;;
2317;2021-05-08;20:30:00;0.0;;
2318;2021-05-08;20:15:00;0.0;;
2319;2021-05-08;20:00:00;0.0;;
2320;2021-05-08;19:45:00;0.0;;
2321;2021-05-08;19:30:00;0.0;;
2322;2021-05-08;19:15:00;0.0;;
2323;2021-05-08;19:00:00;0.0;;
2324;2021-05-08;18:45:00;0.0;;
2325;2021-05-08;18:30:00;0.0;;
2326;2021-05-08;18:15:00;0.0;;
2327;2021-05-08;18:00:00;0.0;;
2328;2021-05-08;17:45:00;0.0;;
2329;2021-05-08;17:30:00;0.0;;
2330;2021-05-08;17:15:00;0.0;;
2331;2021-05-08;17:00:00;0.0;32.0;
2332;2021-05-08;16:45:00;0.0;;
2333;2021-05-08;16:30:00;0.0;;
2334;2021-05-08;16:15:00;0.0;;
2335;2021-05-08;16:00:00;0.0;;
2336;2021-05-08;15:45:00;0.0;;
2337;2021-05-08;15:30:00;0.0;;
2338;2021-05-08;15:15:00;0.0;;
2339;2021-05-08;15:00:00;0.0;;
2340;2021-05-08;14:45:00;0.0;;
2341;2021-05-08;14:30:00;0.0;;
2342;2021-05-08;14:15:00;0.0;;
2343;2021-05-08;14:00:00;0.0;;
2344;2021-05-08;13:45:00;0.0;;
2345;2021-05-08;13:30:00;0.0;;
2346;2021-05-08;13:15:00;0.0;;
2347;2021-05-08;13:00:00;0.0;;
2348;2021-05-08;12:45:00;0.0;;
2349;2021-05-08;12:30:00;0.0;;
2350;2021-05-08;12:15:00;0.0;;
2351;2021-05-08;12:00:00;0.0;;
2352;2021-05-08;11:45:00;0.0;;
2353;2021-05-08;11:30:00;0.0;;
2354;2021-05-08;11:15:00;0.0;;
2355;2021-05-08;11:00:00;0.0;;
2356;2021-05-08;10:45:00;0.0;;
2357;2021-05-08;10:30:00;0.0;;
2358;2021-05-08;10:15:00;0.0;;
2359;2021-05-08;10:00:00;0.0;;
2360;2021-05-08;09:45:00;0.0;;
2361;2021-05-08;09:30:00;0.0;;
2362;2021-05-08;09:15:00;0.0;;
2363;2021-05-08;09:00:00;0.0;;
2364;2021-05-08;08:45:00;0.0;;
2365;2021-05-08;08:30:00;0.0;;
2366;2021-05-08;08:15:00;0.0;;
2367;2021-05-08;08:00:00;0.0;;
2368;2021-05-08;07:45:00;0.0;;
2369;2021-05-08;07:30:00;0.0;;
2370;2021-05-08;07:15:00;0.0;;
2371;2021-05-08;07:00:00;0.0;32.0;
2372;2021-05-08;06:45:00;0.0;;
2373;2021-05-08;06:30:00;0.0;;
2374;2021-05-08;06:15:00;0.0;;
2375;2021-05-08;06:00:00;0.0;;
2376;2021-05-08;05:45:00;0.0;;
2377;2021-05-08;05:30:00;0.0;;
2378;2021-05-08;05:15:00;0.0;;
2379;2021-05-08;05:00:00;0.0;;
2380;2021-05-08;04:45:00;0.0;;
2381;2021-05-08;04:30:00;0.0;;
2382;2021-05-08;04:15:00;0.0;;
2383;2021-05-08;04:00:00;0.0;;
2384;2021-05-08;03:45:00;0.0;;
2385;2021-05-08;03:30:00;0.0;;
2386;2021-05-08;03:15:00;0.0;;
2387;2021-05-08;03:00:00;0.0;;
2388;2021-05-08;02:45:00;0.0;;
2389;2021-05-08;02:30:00;0.0;;
2390;2021-05-08;02:15:00;0.0;;
2391;2021-05-08;02:00:00;0.0;;
2392;2021-05-08;01:45:00;0.0;;
2393;2021-05-08;01:30:00;0.0;;
2394;2021-05-08;01:15:00;0.0;;
2395;2021-05-08;01:00:00;0.0;;
2396;2021-05-08;00:45:00;0.0;;
2397;2021-05-08;00:30:00;0.0;;
2398;2021-05-08;00:15:00;0.0;;
2399;2021-05-08;00:00:00;0.0;;
2400;2021-05-07;23:45:00;0.0;;
2401;2021-05-07;23:30:00;0.0;;
2402;2021-05-07;23:15:00;0.0;;
2403;2021-05-07;23:00:00;0.0;;
2404;2021-05-07;22:45:00;0.0;;
2405;2021-05-07;22:30:00;0.0;;
2406;2021-05-07;22:15:00;0.0;;
2407;2021-05-07;22:00:00;0.0;;
2408;2021-05-07;21:45:00;0.0;;
2409;2021-05-07;21:30:00;0.0;;
2410;2021-05-07;21:15:00;0.0;;
2411;2021-05-07;21:00:00;0.0;;
2412;2021-05-07;20:45:00;0.0;;
2413;2021-05-07;20:30:00;0.0;;
2414;2021-05-07;20:15:00;0.0;;
2415;2021-05-07;20:00:00;0.0;;
2416;2021-05-07;19:45:00;0.0;;
2417;2021-05-07;19:30:00;0.0;;
2418;2021-05-07;19:15:00;0.0;;
2419;2021-05-07;19:00:00;0.0;;
2420;2021-05-07;18:45:00;0.0;;
2421;2021-05-07;18:30:00;0.0;;
2422;2021-05-07;18:15:00;0.0;;
2423;2021-05-07;18:00:00;0.0;;
2424;2021-05-07;17:45:00;0.0;;
2425;2021-05-07;17:30:00;0.0;;
2426;2021-05-07;17:15:00;0.0;;
2427;2021-05-07;17:00:00;0.0;32.0;
2428;2021-05-07;16:45:00;0.0;;
2429;2021-05-07;16:30:00;0.0;;
2430;2021-05-07;16:15:00;0.0;;
2431;2021-05-07;16:00:00;0.0;;
2432;2021-05-07;15:45:00;0.0;;
2433;2021-05-07;15:30:00;0.0;;
2434;2021-05-07;15:15:00;0.0;;
2435;2021-05-07;15:00:00;0.0;;
2436;2021-05-07;14:45:00;0.0;;
2437;2021-05-07;14:30:00;0.0;;
2438;2021-05-07;14:15:00;0.0;;
2439;2021-05-07;14:00:00;0.0;;
2440;2021-05-07;13:45:00;0.0;;
2441;2021-05-07;13:30:00;0.0;;
2442;2021-05-07;13:15:00;0.0;;
2443;2021-05-07;13:00:00;0.0;;
2444;2021-05-07;12:45:00;0.0;;
2445;2021-05-07;12:30:00;0.0;;
2446;2021-05-07;12:15:00;0.0;;
2447;2021-05-07;12:00:00;0.0;;
2448;2021-05-07;11:45:00;0.0;;
2449;2021-05-07;11:30:00;0.0;;
2450;2021-05-07;11:15:00;0.0;;
2451;2021-05-07;11:00:00;0.0;;
2452;2021-05-07;10:45:00;0.0;;
2453;2021-05-07;10:30:00;0.0;;
2454;2021-05-07;10:15:00;0.0;;
2455;2021-05-07;10:00:00;0.0;;
2456;2021-05-07;09:45:00;0.0;;
2457;2021-05-07;09:30:00;0.0;;
2458;2021-05-07;09:15:00;0.0;;
2459;2021-05-07;09:00:00;0.0;;
2460;2021-05-07;08:45:00;0.0;;
2461;2021-05-07;08:30:00;0.0;;
2462;2021-05-07;08:15:00;0.0;;
2463;2021-05-07;08:00:00;0.0;;
2464;2021-05-07;07:45:00;0.0;;
2465;2021-05-07;07:30:00;0.0;;
2466;2021-05-07;07:15:00;0.0;;
2467;2021-05-07;07:00:00;0.0;32.0;
2468;2021-05-07;06:45:00;0.0;;
2469;2021-05-07;06:30:00;0.0;;
2470;2021-05-07;06:15:00;0.0;;
2471;2021-05-07;06:00:00;0.0;;
2472;2021-05-07;05:45:00;0.0;;
2473;2021-05-07;05:30:00;0.0;;
2474;2021-05-07;05:15:00;0.0;;
2475;2021-05-07;05:00:00;0.0;;
2476;2021-05-07;04:45:00;0.0;;
2477;2021-05-07;04:30:00;0.0;;
2478;2021-05-07;04:15:00;0.0;;
2479;2021-05-07;04:00:00;0.0;;
2480;2021-05-07;03:45:00;0.0;;
2481;2021-05-07;03:30:00;0.0;;
2482;2021-05-07;03:15:00;0.0;;
2483;2021-05-07;03:00:00;0.0;;
2484;2021-05-07;02:45:00;0.0;;
2485;2021-05-07;02:30:00;0.0;;
2486;2021-05-07;02:15:00;0.0;;
2487;2021-05-07;02:00:00;0.0;;
2488;2021-05-07;01:45:00;0.0;;
2489;2021-05-07;01:30:00;0.0;;
2490;2021-05-07;01:15:00;0.0;;
2491;2021-05-07;01:00:00;0.0;;
2492;2021-05-07;00:45:00;0.0;;
2493;2021-05-07;00:30:00;0.0;;
2494;2021-05-07;00:15:00;0.0;;
2495;2021-05-07;00:00:00;0.0;;
2496;2021-05-06;23:45:00;0.0;;
2497;2021-05-06;23:30:00;0.0;;
2498;2021-05-06;23:15:00;0.0;;
2499;2021-05-06;23:00:00;0.0;;
2500;2021-05-06;22:45:00;0.0;;
2501;2021-05-06;22:30:00;0.0;;
2502;2021-05-06;22:15:00;0.0;;
2503;2021-05-06;22:00:00;0.0;;
2504;2021-05-06;21:45:00;0.0;;
2505;2021-05-06;21:30:00;0.0;;
2506;2021-05-06;21:15:00;0.0;;
2507;2021-05-06;21:00:00;0.0;;
2508;2021-05-06;20:45:00;0.0;;
2509;2021-05-06;20:30:00;0.0;;
2510;2021-05-06;20:15:00;0.0;;
2511;2021-05-06;20:00:00;0.0;;
2512;2021-05-06;19:45:00;0.0;;
2513;2021-05-06;19:30:00;0.0;;
2514;2021-05-06;19:15:00;0.0;;
2515;2021-05-06;19:00:00;0.0;;
2516;2021-05-06;18:45:00;0.0;;
2517;2021-05-06;18:30:00;0.0;;
2518;2021-05-06;18:15:00;0.0;;
2519;2021-05-06;18:00:00;0.0;;
2520;2021-05-06;17:45:00;0.0;;
2521;2021-05-06;17:30:00;0.0;;
2522;2021-05-06;17:15:00;0.0;;
2523;2021-05-06;17:00:00;0.0;33.0;
2524;2021-05-06;16:45:00;0.0;;
2525;2021-05-06;16:30:00;0.0;;
2526;2021-05-06;16:15:00;0.0;;
2527;2021-05-06;16:00:00;0.0;;
2528;2021-05-06;15:45:00;0.0;;
2529;2021-05-06;15:30:00;0.0;;
2530;2021-05-06;15:15:00;0.0;;
2531;2021-05-06;15:00:00;0.0;;
2532;2021-05-06;14:45:00;0.0;;
2533;2021-05-06;14:30:00;0.0;;
2534;2021-05-06;14:15:00;0.0;;
2535;2021-05-06;14:00:00;0.0;;
2536;2021-05-06;13:45:00;0.0;;
2537;2021-05-06;13:30:00;0.0;;
2538;2021-05-06;13:15:00;0.0;;
2539;2021-05-06;13:00:00;0.0;;
2540;2021-05-06;12:45:00;0.0;;
2541;2021-05-06;12:30:00;0.0;;
2542;2021-05-06;12:15:00;0.0;;
2543;2021-05-06;12:00:00;0.0;;
2544;2021-05-06;11:45:00;0.0;;
2545;2021-05-06;11:30:00;0.0;;
2546;2021-05-06;11:15:00;0.0;;
2547;2021-05-06;11:00:00;0.0;;
2548;2021-05-06;10:45:00;0.0;;
2549;2021-05-06;10:30:00;0.0;;
2550;2021-05-06;10:15:00;0.0;;
2551;2021-05-06;10:00:00;0.0;;
2552;2021-05-06;09:45:00;0.0;;
2553;2021-05-06;09:30:00;0.0;;
2554;2021-05-06;09:15:00;0.0;;
2555;2021-05-06;09:00:00;0.0;;
2556;2021-05-06;08:45:00;0.0;;
2557;2021-05-06;08:30:00;0.0;;
2558;2021-05-06;08:15:00;0.0;;
2559;2021-05-06;08:00:00;0.0;;
2560;2021-05-06;07:45:00;0.0;;
2561;2021-05-06;07:30:00;0.0;;
2562;2021-05-06;07:15:00;0.0;;
2563;2021-05-06;07:00:00;0.0;33.0;
2564;2021-05-06;06:45:00;0.0;;
2565;2021-05-06;06:30:00;0.0;;
2566;2021-05-06;06:15:00;0.0;;
2567;2021-05-06;06:00:00;0.0;;
2568;2021-05-06;05:45:00;0.0;;
2569;2021-05-06;05:30:00;0.0;;
2570;2021-05-06;05:15:00;0.0;;
2571;2021-05-06;05:00:00;0.0;;
2572;2021-05-06;04:45:00;0.0;;
2573;2021-05-06;04:30:00;0.0;;
2574;2021-05-06;04:15:00;0.0;;
2575;2021-05-06;04:00:00;0.0;;
2576;2021-05-06;03:45:00;0.0;;
2577;2021-05-06;03:30:00;0.0;;
2578;2021-05-06;03:15:00;0.0;;
2579;2021-05-06;03:00:00;0.0;;
2580;2021-05-06;02:45:00;0.0;;
2581;2021-05-06;02:30:00;0.0;;
2582;2021-05-06;02:15:00;0.0;;
2583;2021-05-06;02:00:00;0.0;;
2584;2021-05-06;01:45:00;0.0;;
2585;2021-05-06;01:30:00;0.0;;
2586;2021-05-06;01:15:00;0.0;;
2587;2021-05-06;01:00:00;0.0;;
2588;2021-05-06;00:45:00;0.0;;
2589;2021-05-06;00:30:00;0.0;;
2590;2021-05-06;00:15:00;0.0;;
2591;2021-05-06;00:00:00;0.0;;
2592;2021-05-05;23:45:00;0.0;;
2593;2021-05-05;23:30:00;0.0;;
2594;2021-05-05;23:15:00;0.0;;
2595;2021-05-05;23:00:00;0.0;;
2596;2021-05-05;22:45:00;0.0;;
2597;2021-05-05;22:30:00;0.0;;
2598;2021-05-05;22:15:00;0.0;;
2599;2021-05-05;22:00:00;0.0;;
2600;2021-05-05;21:45:00;0.0;;
2601;2021-05-05;21:30:00;0.0;;
2602;2021-05-05;21:15:00;0.0;;
2603;2021-05-05;21:00:00;0.0;;
2604;2021-05-05;20:45:00;0.0;;
2605;2021-05-05;20:30:00;0.0;;
2606;2021-05-05;20:15:00;0.0;;
2607;2021-05-05;20:00:00;0.0;;
2608;2021-05-05;19:45:00;0.0;;
2609;2021-05-05;19:30:00;0.0;;
2610;2021-05-05;19:15:00;0.0;;
2611;2021-05-05;19:00:00;0.0;;
2612;2021-05-05;18:45:00;0.0;;
2613;2021-05-05;18:30:00;0.0;;
2614;2021-05-05;18:15:00;0.0;;
2615;2021-05-05;18:00:00;0.0;;
2616;2021-05-05;17:45:00;0.0;;
2617;2021-05-05;17:30:00;0.0;;
2618;2021-05-05;17:15:00;0.0;;
2619;2021-05-05;17:00:00;0.0;33.0;
2620;2021-05-05;16:45:00;0.0;;
2621;2021-05-05;16:30:00;0.0;;
2622;2021-05-05;16:15:00;0.0;;
2623;2021-05-05;16:00:00;0.0;;
2624;2021-05-05;15:45:00;0.0;;
2625;2021-05-05;15:30:00;0.0;;
2626;2021-05-05;15:15:00;0.0;;
2627;2021-05-05;15:00:00;0.0;;
2628;2021-05-05;14:45:00;0.0;;
2629;2021-05-05;14:30:00;0.0;;
2630;2021-05-05;14:15:00;0.0;;
2631;2021-05-05;14:00:00;0.0;;
2632;2021-05-05;13:45:00;0.0;;
2633;2021-05-05;13:30:00;0.0;;
2634;2021-05-05;13:15:00;0.0;;
2635;2021-05-05;13:00:00;0.0;;
2636;2021-05-05;12:45:00;0.0;;
2637;2021-05-05;12:30:00;0.0;;
2638;2021-05-05;12:15:00;0.0;;
2639;2021-05-05;12:00:00;0.0;;
2640;2021-05-05;11:45:00;0.0;;
2641;2021-05-05;11:30:00;0.0;;
2642;2021-05-05;11:15:00;0.0;;
2643;2021-05-05;11:00:00;0.0;;
2644;2021-05-05;10:45:00;0.0;;
2645;2021-05-05;10:30:00;0.0;;
2646;2021-05-05;10:15:00;0.0;;
2647;2021-05-05;10:00:00;0.0;;
2648;2021-05-05;09:45:00;0.0;;
2649;2021-05-05;09:30:00;0.0;;
2650;2021-05-05;09:15:00;0.0;;
2651;2021-05-05;09:00:00;0.0;;
2652;2021-05-05;08:45:00;0.0;;
2653;2021-05-05;08:30:00;0.0;;
2654;2021-05-05;08:15:00;0.0;;
2655;2021-05-05;08:00:00;0.0;;
2656;2021-05-05;07:45:00;0.0;;
2657;2021-05-05;07:30:00;0.0;;
2658;2021-05-05;07:15:00;0.0;;
2659;2021-05-05;07:00:00;0.0;34.0;
2660;2021-05-05;06:45:00;0.0;;
2661;2021-05-05;06:30:00;0.0;;
2662;2021-05-05;06:15:00;0.0;;
2663;2021-05-05;06:00:00;0.0;;
2664;2021-05-05;05:45:00;0.0;;
2665;2021-05-05;05:30:00;0.0;;
2666;2021-05-05;05:15:00;0.0;;
2667;2021-05-05;05:00:00;0.0;;
2668;2021-05-05;04:45:00;0.0;;
2669;2021-05-05;04:30:00;0.0;;
2670;2021-05-05;04:15:00;0.0;;
2671;2021-05-05;04:00:00;0.0;;
2672;2021-05-05;03:45:00;0.0;;
2673;2021-05-05;03:30:00;0.0;;
2674;2021-05-05;03:15:00;0.0;;
2675;2021-05-05;03:00:00;0.0;;
2676;2021-05-05;02:45:00;0.0;;
2677;2021-05-05;02:30:00;0.0;;
2678;2021-05-05;02:15:00;0.0;;
2679;2021-05-05;02:00:00;0.0;;
2680;2021-05-05;01:45:00;0.0;;
2681;2021-05-05;01:30:00;0.0;;
2682;2021-05-05;01:15:00;0.0;;
2683;2021-05-05;01:00:00;0.0;;
2684;2021-05-05;00:45:00;0.0;;
2685;2021-05-05;00:30:00;0.0;;
2686;2021-05-05;00:15:00;0.0;;
2687;2021-05-05;00:00:00;0.0;;
2688;2021-05-04;23:45:00;0.0;;
2689;2021-05-04;23:30:00;0.0;;
2690;2021-05-04;23:15:00;0.0;;
2691;2021-05-04;23:00:00;0.0;;
2692;2021-05-04;22:45:00;0.0;;
2693;2021-05-04;22:30:00;0.0;;
2694;2021-05-04;22:15:00;0.0;;
2695;2021-05-04;22:00:00;0.0;;
2696;2021-05-04;21:45:00;0.0;;
2697;2021-05-04;21:30:00;0.0;;
2698;2021-05-04;21:15:00;0.0;;
2699;2021-05-04;21:00:00;0.0;;
2700;2021-05-04;20:45:00;0.0;;
2701;2021-05-04;20:30:00;0.0;;
2702;2021-05-04;20:15:00;0.0;;
2703;2021-05-04;20:00:00;0.0;;
2704;2021-05-04;19:45:00;0.0;;
2705;2021-05-04;19:30:00;0.0;;
2706;2021-05-04;19:15:00;0.0;;
2707;2021-05-04;19:00:00;0.0;;
2708;2021-05-04;18:45:00;0.0;;
2709;2021-05-04;18:30:00;0.0;;
2710;2021-05-04;18:15:00;0.0;;
2711;2021-05-04;18:00:00;0.0;;
2712;2021-05-04;17:45:00;0.0;;
2713;2021-05-04;17:30:00;0.0;;
2714;2021-05-04;17:15:00;0.0;;
2715;2021-05-04;17:00:00;0.0;34.0;
2716;2021-05-04;16:45:00;0.0;;
2717;2021-05-04;16:30:00;0.0;;
2718;2021-05-04;16:15:00;0.0;;
2719;2021-05-04;16:00:00;0.0;;
2720;2021-05-04;15:45:00;0.0;;
2721;2021-05-04;15:30:00;0.0;;
2722;2021-05-04;15:15:00;0.0;;
2723;2021-05-04;15:00:00;0.0;;
2724;2021-05-04;14:45:00;0.0;;
2725;2021-05-04;14:30:00;0.0;;
2726;2021-05-04;14:15:00;0.0;;
2727;2021-05-04;14:00:00;0.0;;
2728;2021-05-04;13:45:00;0.0;;
2729;2021-05-04;13:30:00;0.0;;
2730;2021-05-04;13:15:00;0.0;;
2731;2021-05-04;13:00:00;0.0;;
2732;2021-05-04;12:45:00;0.0;;
2733;2021-05-04;12:30:00;0.0;;
2734;2021-05-04;12:15:00;0.0;;
2735;2021-05-04;12:00:00;0.0;;
2736;2021-05-04;11:45:00;0.0;;
2737;2021-05-04;11:30:00;0.0;;
2738;2021-05-04;11:15:00;0.0;;
2739;2021-05-04;11:00:00;0.0;;
2740;2021-05-04;10:45:00;0.0;;
2741;2021-05-04;10:30:00;0.0;;
2742;2021-05-04;10:15:00;0.0;;
2743;2021-05-04;10:00:00;0.0;;
2744;2021-05-04;09:45:00;0.0;;
2745;2021-05-04;09:30:00;0.0;;
2746;2021-05-04;09:15:00;0.0;;
2747;2021-05-04;09:00:00;0.0;;
2748;2021-05-04;08:45:00;0.0;;
2749;2021-05-04;08:30:00;0.0;;
2750;2021-05-04;08:15:00;0.0;;
2751;2021-05-04;08:00:00;0.0;;
2752;2021-05-04;07:45:00;0.0;;
2753;2021-05-04;07:30:00;0.0;;
2754;2021-05-04;07:15:00;0.0;;
2755;2021-05-04;07:00:00;0.0;35.0;
2756;2021-05-04;06:45:00;0.0;;
2757;2021-05-04;06:30:00;0.0;;
2758;2021-05-04;06:15:00;0.0;;
2759;2021-05-04;06:00:00;0.0;;
2760;2021-05-04;05:45:00;0.0;;
2761;2021-05-04;05:30:00;0.0;;
2762;2021-05-04;05:15:00;0.0;;
2763;2021-05-04;05:00:00;0.0;;
2764;2021-05-04;04:45:00;0.0;;
2765;2021-05-04;04:30:00;0.0;;
2766;2021-05-04;04:15:00;0.0;;
2767;2021-05-04;04:00:00;0.0;;
2768;2021-05-04;03:45:00;0.0;;
2769;2021-05-04;03:30:00;0.0;;
2770;2021-05-04;03:15:00;0.0;;
2771;2021-05-04;03:00:00;0.0;;
2772;2021-05-04;02:45:00;0.0;;
2773;2021-05-04;02:30:00;0.0;;
2774;2021-05-04;02:15:00;0.0;;
2775;2021-05-04;02:00:00;0.0;;
2776;2021-05-04;01:45:00;0.0;;
2777;2021-05-04;01:30:00;0.0;;
2778;2021-05-04;01:15:00;0.0;;
2779;2021-05-04;01:00:00;0.0;;
2780;2021-05-04;00:45:00;0.0;;
2781;2021-05-04;00:30:00;0.0;;
2782;2021-05-04;00:15:00;0.0;;
2783;2021-05-04;00:00:00;0.0;;
2784;2021-05-03;23:45:00;0.0;;
2785;2021-05-03;23:30:00;0.0;;
2786;2021-05-03;23:15:00;0.0;;
2787;2021-05-03;23:00:00;0.0;;
2788;2021-05-03;22:45:00;0.0;;
2789;2021-05-03;22:30:00;0.0;;
2790;2021-05-03;22:15:00;0.0;;
2791;2021-05-03;22:00:00;0.0;;
2792;2021-05-03;21:45:00;0.0;;
2793;2021-05-03;21:30:00;0.0;;
2794;2021-05-03;21:15:00;0.0;;
2795;2021-05-03;21:00:00;0.0;;
2796;2021-05-03;20:45:00;0.0;;
2797;2021-05-03;20:30:00;0.0;;
2798;2021-05-03;20:15:00;0.0;;
2799;2021-05-03;20:00:00;0.0;;
2800;2021-05-03;19:45:00;0.0;;
2801;2021-05-03;19:30:00;0.0;;
2802;2021-05-03;19:15:00;0.0;;
2803;2021-05-03;19:00:00;0.0;;
2804;2021-05-03;18:45:00;0.0;;
2805;2021-05-03;18:30:00;0.0;;
2806;2021-05-03;18:15:00;0.0;;
2807;2021-05-03;18:00:00;0.0;;
2808;2021-05-03;17:45:00;0.0;;
2809;2021-05-03;17:30:00;0.0;;
2810;2021-05-03;17:15:00;0.0;;
2811;2021-05-03;17:00:00;0.0;35.0;
2812;2021-05-03;16:45:00;0.0;;
2813;2021-05-03;16:30:00;0.0;;
2814;2021-05-03;16:15:00;0.0;;
2815;2021-05-03;16:00:00;0.0;;
2816;2021-05-03;15:45:00;0.0;;
2817;2021-05-03;15:30:00;0.0;;
2818;2021-05-03;15:15:00;0.0;;
2819;2021-05-03;15:00:00;0.0;;
2820;2021-05-03;14:45:00;0.0;;
2821;2021-05-03;14:30:00;0.0;;
2822;2021-05-03;14:15:00;0.0;;
2823;2021-05-03;14:00:00;0.0;;
2824;2021-05-03;13:45:00;0.0;;
2825;2021-05-03;13:30:00;0.0;;
2826;2021-05-03;13:15:00;0.0;;
2827;2021-05-03;13:00:00;0.0;;
2828;2021-05-03;12:45:00;0.0;;
2829;2021-05-03;12:30:00;0.0;;
2830;2021-05-03;12:15:00;0.0;;
2831;2021-05-03;12:00:00;0.0;;
2832;2021-05-03;11:45:00;0.0;;
2833;2021-05-03;11:30:00;0.0;;
2834;2021-05-03;11:15:00;0.0;;
2835;2021-05-03;11:00:00;0.0;;
2836;2021-05-03;10:45:00;0.0;;
2837;2021-05-03;10:30:00;0.0;;
2838;2021-05-03;10:15:00;0.0;;
2839;2021-05-03;10:00:00;0.0;;
2840;2021-05-03;09:45:00;0.0;;
2841;2021-05-03;09:30:00;0.0;;
2842;2021-05-03;09:15:00;0.0;;
2843;2021-05-03;09:00:00;0.0;;
2844;2021-05-03;08:45:00;0.0;;
2845;2021-05-03;08:30:00;0.0;;
2846;2021-05-03;08:15:00;0.0;;
2847;2021-05-03;08:00:00;0.0;;
2848;2021-05-03;07:45:00;0.0;;
2849;2021-05-03;07:30:00;0.0;;
2850;2021-05-03;07:15:00;0.0;;
2851;2021-05-03;07:00:00;0.0;36.0;
2852;2021-05-03;06:45:00;0.0;;
2853;2021-05-03;06:30:00;0.0;;
2854;2021-05-03;06:15:00;0.0;;
2855;2021-05-03;06:00:00;0.0;;
2856;2021-05-03;05:45:00;0.0;;
2857;2021-05-03;05:30:00;0.0;;
2858;2021-05-03;05:15:00;0.0;;
2859;2021-05-03;05:00:00;0.0;;
2860;2021-05-03;04:45:00;0.0;;
2861;2021-05-03;04:30:00;0.0;;
2862;2021-05-03;04:15:00;0.0;;
2863;2021-05-03;04:00:00;0.0;;
2864;2021-05-03;03:45:00;0.0;;
2865;2021-05-03;03:30:00;0.0;;
2866;2021-05-03;03:15:00;0.0;;
2867;2021-05-03;03:00:00;0.0;;
2868;2021-05-03;02:45:00;0.0;;
2869;2021-05-03;02:30:00;0.0;;
2870;2021-05-03;02:15:00;0.0;;
2871;2021-05-03;02:00:00;0.0;;
2872;2021-05-03;01:45:00;0.0;;
2873;2021-05-03;01:30:00;0.0;;
2874;2021-05-03;01:15:00;0.0;;
2875;2021-05-03;01:00:00;0.0;;
2876;2021-05-03;00:45:00;0.0;;
2877;2021-05-03;00:30:00;0.0;;
2878;2021-05-03;00:15:00;0.0;;
2879;2021-05-03;00:00:00;0.0;;
2880;2021-05-02;23:45:00;0.0;;0.0
2881;2021-05-02;23:30:00;0.0;;0.0
2882;2021-05-02;23:15:00;0.0;;0.0
2883;2021-05-02;23:00:00;0.0;;0.0
2884;2021-05-02;22:45:00;0.0;;0.0
2885;2021-05-02;22:30:00;0.0;;0.0
2886;2021-05-02;22:15:00;0.0;;0.0
2887;2021-05-02;22:00:00;0.0;;0.0
2888;2021-05-02;21:45:00;0.0;;0.0
2889;2021-05-02;21:30:00;0.0;;0.0
2890;2021-05-02;21:15:00;0.0;;0.0
2891;2021-05-02;21:00:00;0.0;;0.0
2892;2021-05-02;20:45:00;0.0;;0.0
2893;2021-05-02;20:30:00;0.0;;0.0
2894;2021-05-02;20:15:00;0.0;;0.0
2895;2021-05-02;20:00:00;0.0;;0.0
2896;2021-05-02;19:45:00;0.0;;0.0
2897;2021-05-02;19:30:00;0.0;;0.0
2898;2021-05-02;19:15:00;0.0;;0.0
2899;2021-05-02;19:00:00;0.0;;0.0
2900;2021-05-02;18:45:00;0.0;;0.0
2901;2021-05-02;18:30:00;0.0;;0.0
2902;2021-05-02;18:15:00;0.0;;0.0
2903;2021-05-02;18:00:00;0.0;;0.0
2904;2021-05-02;17:45:00;0.0;;0.0
2905;2021-05-02;17:30:00;0.0;;0.0
2906;2021-05-02;17:15:00;0.0;;0.0
2907;2021-05-02;17:00:00;0.0;37.0;0.0
2908;2021-05-02;16:45:00;0.0;;0.0
2909;2021-05-02;16:30:00;0.0;;0.0
2910;2021-05-02;16:15:00;0.0;;0.0
2911;2021-05-02;16:00:00;0.0;;0.0
2912;2021-05-02;15:45:00;0.0;;0.0
2913;2021-05-02;15:30:00;0.0;;0.0
2914;2021-05-02;15:15:00;0.0;;0.0
2915;2021-05-02;15:00:00;0.0;;0.0
2916;2021-05-02;14:45:00;0.0;;0.0
2917;2021-05-02;14:30:00;0.0;;0.0
2918;2021-05-02;14:15:00;0.0;;0.0
2919;2021-05-02;14:00:00;0.0;;0.0
2920;2021-05-02;13:45:00;0.0;;0.0
2921;2021-05-02;13:30:00;0.0;;0.0
2922;2021-05-02;13:15:00;0.0;;0.0
2923;2021-05-02;13:00:00;0.0;;0.0
2924;2021-05-02;12:45:00;0.0;;0.0
2925;2021-05-02;12:30:00;0.0;;0.0
2926;2021-05-02;12:15:00;0.0;;0.0
2927;2021-05-02;12:00:00;0.0;;0.0
2928;2021-05-02;11:45:00;0.0;;0.0
2929;2021-05-02;11:30:00;0.0;;0.0
2930;2021-05-02;11:15:00;0.0;;0.0
2931;2021-05-02;11:00:00;0.0;;0.0
2932;2021-05-02;10:45:00;0.0;;0.0
2933;2021-05-02;10:30:00;0.0;;0.0
2934;2021-05-02;10:15:00;0.0;;0.0
2935;2021-05-02;10:00:00;0.0;;0.0
2936;2021-05-02;09:45:00;0.0;;0.0
2937;2021-05-02;09:30:00;0.0;;0.0
2938;2021-05-02;09:15:00;0.0;;0.0
2939;2021-05-02;09:00:00;0.0;;0.0
2940;2021-05-02;08:45:00;0.0;;0.0
2941;2021-05-02;08:30:00;0.0;;0.0
2942;2021-05-02;08:15:00;0.0;;0.0
2943;2021-05-02;08:00:00;0.0;;0.0
2944;2021-05-02;07:45:00;0.0;;0.0
2945;2021-05-02;07:30:00;0.0;;0.0
2946;2021-05-02;07:15:00;0.0;;0.0
2947;2021-05-02;07:00:00;0.0;37.0;0.0
2948;2021-05-02;06:45:00;0.0;;0.0
2949;2021-05-02;06:30:00;0.0;;0.0
2950;2021-05-02;06:15:00;0.0;;0.0
2951;2021-05-02;06:00:00;0.0;;0.0
2952;2021-05-02;05:45:00;0.0;;0.0
2953;2021-05-02;05:30:00;0.0;;0.0
2954;2021-05-02;05:15:00;0.0;;0.0
2955;2021-05-02;05:00:00;0.0;;0.0
2956;2021-05-02;04:45:00;0.0;;0.0
2957;2021-05-02;04:30:00;0.0;;0.0
2958;2021-05-02;04:15:00;0.0;;0.0
2959;2021-05-02;04:00:00;0.0;;0.0
2960;2021-05-02;03:45:00;0.0;;0.0
2961;2021-05-02;03:30:00;0.0;;0.0
2962;2021-05-02;03:15:00;0.0;;0.0
2963;2021-05-02;03:00:00;0.0;;0.0
2964;2021-05-02;02:45:00;0.0;;0.0
2965;2021-05-02;02:30:00;0.0;;0.0
2966;2021-05-02;02:15:00;0.0;;0.0
2967;2021-05-02;02:00:00;0.0;;0.0
2968;2021-05-02;01:45:00;0.0;;0.0
2969;2021-05-02;01:30:00;0.0;;0.0
2970;2021-05-02;01:15:00;0.0;;0.0
2971;2021-05-02;01:00:00;0.0;;0.0
2972;2021-05-02;00:45:00;0.0;;0.0
2973;2021-05-02;00:30:00;0.0;;0.0
2974;2021-05-02;00:15:00;0.0;;0.0
2975;2021-05-02;00:00:00;0.0;;0.0
2976;2021-05-01;23:45:00;0.0;;0.0
2977;2021-05-01;23:30:00;0.0;;0.0
2978;2021-05-01;23:15:00;0.0;;0.0
2979;2021-05-01;23:00:00;0.0;;0.0
2980;2021-05-01;22:45:00;0.0;;0.0
2981;2021-05-01;22:30:00;0.0;;0.0
2982;2021-05-01;22:15:00;0.0;;0.0
2983;2021-05-01;22:00:00;0.0;;0.0
2984;2021-05-01;21:45:00;0.0;;0.0
2985;2021-05-01;21:30:00;0.0;;0.0
2986;2021-05-01;21:15:00;0.0;;0.0
2987;2021-05-01;21:00:00;0.0;;0.0
2988;2021-05-01;20:45:00;0.0;;0.0
2989;2021-05-01;20:30:00;0.0;;0.0
2990;2021-05-01;20:15:00;0.0;;0.0
2991;2021-05-01;20:00:00;0.0;;0.0
2992;2021-05-01;19:45:00;0.0;;0.0
2993;2021-05-01;19:30:00;0.0;;0.0
2994;2021-05-01;19:15:00;0.0;;0.0
2995;2021-05-01;19:00:00;0.0;;0.0
2996;2021-05-01;18:45:00;0.0;;0.0
2997;2021-05-01;18:30:00;0.0;;0.0
2998;2021-05-01;18:15:00;0.0;;0.0
2999;2021-05-01;18:00:00;0.0;;0.0
3000;2021-05-01;17:45:00;0.0;;0.0
3001;2021-05-01;17:30:00;0.0;;0.0
3002;2021-05-01;17:15:00;0.0;;0.0
3003;2021-05-01;17:00:00;0.0;37.0;0.0
3004;2021-05-01;16:45:00;0.0;;0.0
3005;2021-05-01;16:30:00;0.0;;0.0
3006;2021-05-01;16:15:00;0.0;;0.0
3007;2021-05-01;16:00:00;0.0;;0.0
3008;2021-05-01;15:45:00;0.0;;0.0
3009;2021-05-01;15:30:00;0.0;;0.0
3010;2021-05-01;15:15:00;0.0;;0.0
3011;2021-05-01;15:00:00;0.0;;0.0
3012;2021-05-01;14:45:00;0.0;;0.0
3013;2021-05-01;14:30:00;0.0;;0.0
3014;2021-05-01;14:15:00;0.0;;0.0
3015;2021-05-01;14:00:00;0.0;;0.0
3016;2021-05-01;13:45:00;0.0;;0.0
3017;2021-05-01;13:30:00;0.0;;0.0
3018;2021-05-01;13:15:00;0.0;;0.0
3019;2021-05-01;13:00:00;0.0;;0.0
3020;2021-05-01;12:45:00;0.0;;0.0
3021;2021-05-01;12:30:00;0.0;;0.0
3022;2021-05-01;12:15:00;0.0;;0.0
3023;2021-05-01;12:00:00;0.0;;0.0
3024;2021-05-01;11:45:00;0.0;;0.0
3025;2021-05-01;11:30:00;0.0;;0.0
3026;2021-05-01;11:15:00;0.0;;0.0
3027;2021-05-01;11:00:00;0.0;;0.0
3028;2021-05-01;10:45:00;0.0;;0.0
3029;2021-05-01;10:30:00;0.0;;0.0
3030;2021-05-01;10:15:00;0.0;;0.0
3031;2021-05-01;10:00:00;0.0;;0.0
3032;2021-05-01;09:45:00;0.0;;0.0
3033;2021-05-01;09:30:00;0.0;;0.0
3034;2021-05-01;09:15:00;0.0;;0.0
3035;2021-05-01;09:00:00;0.0;;0.0
3036;2021-05-01;08:45:00;0.0;;0.0
3037;2021-05-01;08:30:00;0.0;;0.0
3038;2021-05-01;08:15:00;0.0;;0.0
3039;2021-05-01;08:00:00;0.0;;0.0
3040;2021-05-01;07:45:00;0.0;;0.0
3041;2021-05-01;07:30:00;0.0;;0.0
3042;2021-05-01;07:15:00;0.0;;0.0
3043;2021-05-01;07:00:00;0.0;37.0;0.0
3044;2021-05-01;06:45:00;0.0;;0.0
3045;2021-05-01;06:30:00;0.0;;0.0
3046;2021-05-01;06:15:00;0.0;;0.0
3047;2021-05-01;06:00:00;0.0;;0.0
3048;2021-05-01;05:45:00;0.0;;0.0
3049;2021-05-01;05:30:00;0.0;;0.0
3050;2021-05-01;05:15:00;0.0;;0.0
3051;2021-05-01;05:00:00;0.0;;0.0
3052;2021-05-01;04:45:00;0.0;;0.0
3053;2021-05-01;04:30:00;0.0;;0.0
3054;2021-05-01;04:15:00;0.0;;0.0
3055;2021-05-01;04:00:00;0.0;;0.0
3056;2021-05-01;03:45:00;0.0;;0.0
3057;2021-05-01;03:30:00;0.0;;0.0
3058;2021-05-01;03:15:00;0.0;;0.0
3059;2021-05-01;03:00:00;0.0;;0.0
3060;2021-05-01;02:45:00;0.0;;0.0
3061;2021-05-01;02:30:00;0.0;;0.0
3062;2021-05-01;02:15:00;0.0;;0.0
3063;2021-05-01;02:00:00;0.0;;0.0
3064;2021-05-01;01:45:00;0.0;;0.0
3065;2021-05-01;01:30:00;0.0;;0.0
3066;2021-05-01;01:15:00;0.0;;0.0
3067;2021-05-01;01:00:00;0.0;;0.0
3068;2021-05-01;00:45:00;0.0;;0.0
3069;2021-05-01;00:30:00;0.0;;0.0
3070;2021-05-01;00:15:00;0.0;;0.0
3071;2021-05-01;00:00:00;0.0;;0.0
