,CodEstacao,DataHora,Vazao,Nivel,Chuva,Data,Hora
0,45880000,2021-06-01 23:45:00 ,34.60,16.00,0.00,2021-06-01,23:45:00
1,45880000,2021-06-01 23:30:00 ,34.60,16.00,0.00,2021-06-01,23:30:00
2,45880000,2021-06-01 23:15:00 ,34.60,16.00,0.00,2021-06-01,23:15:00
3,45880000,2021-06-01 23:00:00 ,34.60,16.00,0.00,2021-06-01,23:00:00
4,45880000,2021-06-01 22:45:00 ,34.60,16.00,0.00,2021-06-01,22:45:00
5,45880000,2021-06-01 22:30:00 ,34.60,16.00,0.00,2021-06-01,22:30:00
6,45880000,2021-06-01 22:15:00 ,34.60,16.00,0.00,2021-06-01,22:15:00
7,45880000,2021-06-01 22:00:00 ,34.60,16.00,0.00,2021-06-01,22:00:00
8,45880000,2021-06-01 21:45:00 ,34.60,16.00,0.00,2021-06-01,21:45:00
9,45880000,2021-06-01 21:30:00 ,34.60,16.00,0.00,2021-06-01,21:30:00
10,45880000,2021-06-01 21:15:00 ,34.60,16.00,0.00,2021-06-01,21:15:00
11,45880000,2021-06-01 21:00:00 ,34.60,16.00,0.00,2021-06-01,21:00:00
12,45880000,2021-06-01 20:45:00 ,34.60,16.00,0.00,2021-06-01,20:45:00
13,45880000,2021-06-01 20:30:00 ,34.60,16.00,0.00,2021-06-01,20:30:00
14,45880000,2021-06-01 20:15:00 ,34.60,16.00,0.00,2021-06-01,20:15:00
15,45880000,2021-06-01 20:00:00 ,34.60,16.00,0.00,2021-06-01,20:00:00
16,45880000,2021-06-01 19:45:00 ,34.60,16.00,0.00,2021-06-01,19:45:00
17,45880000,2021-06-01 19:30:00 ,34.60,16.00,0.00,2021-06-01,19:30:00
18,45880000,2021-06-01 19:15:00 ,34.60,16.00,0.00,2021-06-01,19:15:00
19,45880000,2021-06-01 19:00:00 ,34.60,16.00,0.00,2021-06-01,19:00:00
20,45880000,2021-06-01 18:45:00 ,34.60,16.00,0.00,2021-06-01,18:45:00
21,45880000,2021-06-01 18:30:00 ,34.60,16.00,0.00,2021-06-01,18:30:00
22,45880000,2021-06-01 18:15:00 ,34.60,16.00,0.00,2021-06-01,18:15:00
23,45880000,2021-06-01 18:00:00 ,34.60,16.00,0.00,2021-06-01,18:00:00
24,45880000,2021-06-01 17:45:00 ,34.60,16.00,0.00,2021-06-01,17:45:00
25,45880000,2021-06-01 17:30:00 ,34.60,16.00,0.00,2021-06-01,17:30:00
26,45880000,2021-06-01 17:15:00 ,34.60,16.00,0.00,2021-06-01,17:15:00
27,45880000,2021-06-01 17:00:00 ,34.60,16.00,0.00,2021-06-01,17:00:00
28,45880000,2021-06-01 16:45:00 ,34.60,16.00,0.00,2021-06-01,16:45:00
29,45880000,2021-06-01 16:30:00 ,34.60,16.00,0.00,2021-06-01,16:30:00
30,45880000,2021-06-01 16:15:00 ,34.60,16.00,0.00,2021-06-01,16:15:00
31,45880000,2021-06-01 16:00:00 ,34.60,16.00,0.00,2021-06-01,16:00:00
32,45880000,2021-06-01 15:45:00 ,34.60,16.00,0.00,2021-06-01,15:45:00
33,45880000,2021-06-01 15:30:00 ,34.60,16.00,0.00,2021-06-01,15:30:00
34,45880000,2021-06-01 15:15:00 ,34.60,16.00,0.00,2021-06-01,15:15:00
35,45880000,2021-06-01 15:00:00 ,34.60,16.00,0.00,2021-06-01,15:00:00
36,45880000,2021-06-01 14:45:00 ,34.60,16.00,0.00,2021-06-01,14:45:00
37,45880000,2021-06-01 14:30:00 ,34.60,16.00,0.00,2021-06-01,14:30:00
38,45880000,2021-06-01 14:15:00 ,34.60,16.00,0.00,2021-06-01,14:15:00
39,45880000,2021-06-01 14:00:00 ,34.60,16.00,0.00,2021-06-01,14:00:00
40,45880000,2021-06-01 13:45:00 ,34.60,16.00,0.00,2021-06-01,13:45:00
41,45880000,2021-06-01 13:30:00 ,34.60,16.00,0.00,2021-06-01,13:30:00
42,45880000,2021-06-01 13:15:00 ,34.60,16.00,0.00,2021-06-01,13:15:00
43,45880000,2021-06-01 13:00:00 ,34.60,16.00,0.00,2021-06-01,13:00:00
44,45880000,2021-06-01 12:45:00 ,34.60,16.00,0.00,2021-06-01,12:45:00
45,45880000,2021-06-01 12:30:00 ,34.60,16.00,0.00,2021-06-01,12:30:00
46,45880000,2021-06-01 12:15:00 ,34.60,16.00,0.00,2021-06-01,12:15:00
47,45880000,2021-06-01 12:00:00 ,34.60,16.00,0.00,2021-06-01,12:00:00
48,45880000,2021-06-01 11:45:00 ,34.60,16.00,0.00,2021-06-01,11:45:00
49,45880000,2021-06-01 11:30:00 ,34.60,16.00,0.00,2021-06-01,11:30:00
50,45880000,2021-06-01 11:15:00 ,34.60,16.00,0.00,2021-06-01,11:15:00
51,45880000,2021-06-01 11:00:00 ,34.60,16.00,0.00,2021-06-01,11:00:00
52,45880000,2021-06-01 10:45:00 ,34.60,16.00,0.00,2021-06-01,10:45:00
53,45880000,2021-06-01 10:30:00 ,34.04,15.00,0.00,2021-06-01,10:30:00
54,45880000,2021-06-01 10:15:00 ,34.60,16.00,0.00,2021-06-01,10:15:00
55,45880000,2021-06-01 10:00:00 ,34.04,15.00,0.00,2021-06-01,10:00:00
56,45880000,2021-06-01 09:45:00 ,34.60,16.00,0.00,2021-06-01,09:45:00
57,45880000,2021-06-01 09:30:00 ,34.60,16.00,0.00,2021-06-01,09:30:00
58,45880000,2021-06-01 09:15:00 ,34.04,15.00,0.00,2021-06-01,09:15:00
59,45880000,2021-06-01 09:00:00 ,34.04,15.00,0.00,2021-06-01,09:00:00
60,45880000,2021-06-01 08:45:00 ,34.04,15.00,0.00,2021-06-01,08:45:00
61,45880000,2021-06-01 08:30:00 ,34.04,15.00,0.00,2021-06-01,08:30:00
62,45880000,2021-06-01 08:15:00 ,34.04,15.00,0.00,2021-06-01,08:15:00
63,45880000,2021-06-01 08:00:00 ,34.04,15.00,0.00,2021-06-01,08:00:00
64,45880000,2021-06-01 07:45:00 ,34.04,15.00,0.00,2021-06-01,07:45:00
65,45880000,2021-06-01 07:30:00 ,34.04,15.00,0.00,2021-06-01,07:30:00
66,45880000,2021-06-01 07:15:00 ,34.04,15.00,0.00,2021-06-01,07:15:00
67,45880000,2021-06-01 07:00:00 ,34.04,15.00,0.00,2021-06-01,07:00:00
68,45880000,2021-06-01 06:45:00 ,34.04,15.00,0.00,2021-06-01,06:45:00
69,45880000,2021-06-01 06:30:00 ,34.04,15.00,0.00,2021-06-01,06:30:00
70,45880000,2021-06-01 06:15:00 ,34.04,15.00,0.00,2021-06-01,06:15:00
71,45880000,2021-06-01 06:00:00 ,34.04,15.00,0.00,2021-06-01,06:00:00
72,45880000,2021-06-01 05:45:00 ,34.04,15.00,0.00,2021-06-01,05:45:00
73,45880000,2021-06-01 05:30:00 ,34.04,15.00,0.00,2021-06-01,05:30:00
74,45880000,2021-06-01 05:15:00 ,34.04,15.00,0.00,2021-06-01,05:15:00
75,45880000,2021-06-01 05:00:00 ,34.04,15.00,0.00,2021-06-01,05:00:00
76,45880000,2021-06-01 04:45:00 ,34.04,15.00,0.00,2021-06-01,04:45:00
77,45880000,2021-06-01 04:30:00 ,34.04,15.00,0.00,2021-06-01,04:30:00
78,45880000,2021-06-01 04:15:00 ,34.04,15.00,0.00,2021-06-01,04:15:00
79,45880000,2021-06-01 04:00:00 ,34.04,15.00,0.00,2021-06-01,04:00:00
80,45880000,2021-06-01 03:45:00 ,34.04,15.00,0.00,2021-06-01,03:45:00
81,45880000,2021-06-01 03:30:00 ,34.04,15.00,0.00,2021-06-01,03:30:00
82,45880000,2021-06-01 03:15:00 ,34.04,15.00,0.00,2021-06-01,03:15:00
83,45880000,2021-06-01 03:00:00 ,34.04,15.00,0.00,2021-06-01,03:00:00
84,45880000,2021-06-01 02:45:00 ,34.04,15.00,0.00,2021-06-01,02:45:00
85,45880000,2021-06-01 02:30:00 ,34.04,15.00,0.00,2021-06-01,02:30:00
86,45880000,2021-06-01 02:15:00 ,34.04,15.00,0.00,2021-06-01,02:15:00
87,45880000,2021-06-01 02:00:00 ,34.60,16.00,0.00,2021-06-01,02:00:00
88,45880000,2021-06-01 01:45:00 ,34.60,16.00,0.00,2021-06-01,01:45:00
89,45880000,2021-06-01 01:30:00 ,34.60,16.00,0.00,2021-06-01,01:30:00
90,45880000,2021-06-01 01:15:00 ,34.60,16.00,0.00,2021-06-01,01:15:00
91,45880000,2021-06-01 01:00:00 ,34.60,16.00,0.00,2021-06-01,01:00:00
92,45880000,2021-06-01 00:45:00 ,34.60,16.00,0.00,2021-06-01,00:45:00
93,45880000,2021-06-01 00:30:00 ,34.60,16.00,0.00,2021-06-01,00:30:00
94,45880000,2021-06-01 00:15:00 ,34.60,16.00,0.00,2021-06-01,00:15:00
95,45880000,2021-06-01 00:00:00 ,34.60,16.00,0.00,2021-06-01,00:00:00
96,45880000,2021-05-31 23:45:00 ,34.60,16.00,0.00,2021-05-31,23:45:00
97,45880000,2021-05-31 23:30:00 ,34.60,16.00,0.00,2021-05-31,23:30:00
98,45880000,2021-05-31 23:15:00 ,34.60,16.00,0.00,2021-05-31,23:15:00
99,45880000,2021-05-31 23:00:00 ,34.60,16.00,0.00,2021-05-31,23:00:00
100,45880000,2021-05-31 22:45:00 ,34.60,16.00,0.00,2021-05-31,22:45:00
101,45880000,2021-05-31 22:30:00 ,34.60,16.00,0.00,2021-05-31,22:30:00
102,45880000,2021-05-31 22:15:00 ,34.60,16.00,0.00,2021-05-31,22:15:00
103,45880000,2021-05-31 22:00:00 ,34.60,16.00,0.00,2021-05-31,22:00:00
104,45880000,2021-05-31 21:45:00 ,34.60,16.00,0.00,2021-05-31,21:45:00
105,45880000,2021-05-31 21:30:00 ,34.60,16.00,0.00,2021-05-31,21:30:00
106,45880000,2021-05-31 21:15:00 ,34.60,16.00,0.00,2021-05-31,21:15:00
107,45880000,2021-05-31 21:00:00 ,34.60,16.00,0.00,2021-05-31,21:00:00
108,45880000,2021-05-31 20:45:00 ,34.60,16.00,0.00,2021-05-31,20:45:00
109,45880000,2021-05-31 20:30:00 ,34.60,16.00,0.00,2021-05-31,20:30:00
110,45880000,2021-05-31 20:15:00 ,34.60,16.00,0.00,2021-05-31,20:15:00
111,45880000,2021-05-31 20:00:00 ,34.60,16.00,0.00,2021-05-31,20:00:00
112,45880000,2021-05-31 19:45:00 ,34.60,16.00,0.00,2021-05-31,19:45:00
113,45880000,2021-05-31 19:30:00 ,34.60,16.00,0.00,2021-05-31,19:30:00
114,45880000,2021-05-31 19:15:00 ,34.60,16.00,0.00,2021-05-31,19:15:00
115,45880000,2021-05-31 19:00:00 ,34.60,16.00,0.00,2021-05-31,19:00:00
116,45880000,2021-05-31 18:45:00 ,34.60,16.00,0.00,2021-05-31,18:45:00
117,45880000,2021-05-31 18:30:00 ,34.60,16.00,0.00,2021-05-31,18:30:00
118,45880000,2021-05-31 18:15:00 ,34.60,16.00,0.00,2021-05-31,18:15:00
119,45880000,2021-05-31 18:00:00 ,34.60,16.00,0.00,2021-05-31,18:00:00
120,45880000,2021-05-31 17:45:00 ,34.60,16.00,0.00,2021-05-31,17:45:00
121,45880000,2021-05-31 17:30:00 ,34.60,16.00,0.00,2021-05-31,17:30:00
122,45880000,2021-05-31 17:15:00 ,34.60,16.00,0.00,2021-05-31,17:15:00
123,45880000,2021-05-31 17:00:00 ,34.60,16.00,0.00,2021-05-31,17:00:00
124,45880000,2021-05-31 16:45:00 ,34.60,16.00,,2021-05-31,16:45:00
125,45880000,2021-05-31 16:30:00 ,34.60,16.00,,2021-05-31,16:30:00
126,45880000,2021-05-31 16:15:00 ,34.60,16.00,,2021-05-31,16:15:00
127,45880000,2021-05-31 16:00:00 ,34.60,16.00,,2021-05-31,16:00:00
128,45880000,2021-05-31 15:45:00 ,34.60,16.00,,2021-05-31,15:45:00
129,45880000,2021-05-31 15:30:00 ,34.60,16.00,,2021-05-31,15:30:00
130,45880000,2021-05-31 15:15:00 ,34.60,16.00,,2021-05-31,15:15:00
131,45880000,2021-05-31 15:00:00 ,34.60,16.00,,2021-05-31,15:00:00
132,45880000,2021-05-31 14:45:00 ,34.60,16.00,,2021-05-31,14:45:00
133,45880000,2021-05-31 14:30:00 ,34.60,16.00,,2021-05-31,14:30:00
134,45880000,2021-05-31 14:15:00 ,34.60,16.00,,2021-05-31,14:15:00
135,45880000,2021-05-31 14:00:00 ,34.60,16.00,,2021-05-31,14:00:00
136,45880000,2021-05-31 13:45:00 ,34.60,16.00,,2021-05-31,13:45:00
137,45880000,2021-05-31 13:30:00 ,34.60,16.00,,2021-05-31,13:30:00
138,45880000,2021-05-31 13:15:00 ,34.60,16.00,,2021-05-31,13:15:00
139,45880000,2021-05-31 13:00:00 ,34.60,16.00,,2021-05-31,13:00:00
140,45880000,2021-05-31 12:45:00 ,34.60,16.00,,2021-05-31,12:45:00
141,45880000,2021-05-31 12:30:00 ,34.60,16.00,,2021-05-31,12:30:00
142,45880000,2021-05-31 12:15:00 ,34.60,16.00,,2021-05-31,12:15:00
143,45880000,2021-05-31 12:00:00 ,34.60,16.00,,2021-05-31,12:00:00
144,45880000,2021-05-31 11:45:00 ,34.60,16.00,,2021-05-31,11:45:00
145,45880000,2021-05-31 11:30:00 ,34.60,16.00,,2021-05-31,11:30:00
146,45880000,2021-05-31 11:15:00 ,34.60,16.00,,2021-05-31,11:15:00
147,45880000,2021-05-31 11:00:00 ,34.60,16.00,,2021-05-31,11:00:00
148,45880000,2021-05-31 10:45:00 ,34.60,16.00,,2021-05-31,10:45:00
149,45880000,2021-05-31 10:30:00 ,34.60,16.00,,2021-05-31,10:30:00
150,45880000,2021-05-31 10:15:00 ,34.60,16.00,,2021-05-31,10:15:00
151,45880000,2021-05-31 10:00:00 ,34.60,16.00,,2021-05-31,10:00:00
152,45880000,2021-05-31 09:45:00 ,34.60,16.00,,2021-05-31,09:45:00
153,45880000,2021-05-31 09:30:00 ,34.60,16.00,,2021-05-31,09:30:00
154,45880000,2021-05-31 09:15:00 ,34.60,16.00,,2021-05-31,09:15:00
155,45880000,2021-05-31 09:00:00 ,34.60,16.00,,2021-05-31,09:00:00
156,45880000,2021-05-31 08:45:00 ,34.60,16.00,,2021-05-31,08:45:00
157,45880000,2021-05-31 08:30:00 ,34.60,16.00,,2021-05-31,08:30:00
158,45880000,2021-05-31 08:15:00 ,34.60,16.00,,2021-05-31,08:15:00
159,45880000,2021-05-31 08:00:00 ,34.60,16.00,,2021-05-31,08:00:00
160,45880000,2021-05-31 07:45:00 ,34.60,16.00,,2021-05-31,07:45:00
161,45880000,2021-05-31 07:30:00 ,34.60,16.00,,2021-05-31,07:30:00
162,45880000,2021-05-31 07:15:00 ,34.60,16.00,,2021-05-31,07:15:00
163,45880000,2021-05-31 07:00:00 ,34.60,16.00,,2021-05-31,07:00:00
164,45880000,2021-05-31 06:45:00 ,34.60,16.00,,2021-05-31,06:45:00
165,45880000,2021-05-31 06:30:00 ,34.60,16.00,,2021-05-31,06:30:00
166,45880000,2021-05-31 06:15:00 ,34.60,16.00,,2021-05-31,06:15:00
167,45880000,2021-05-31 06:00:00 ,34.60,16.00,,2021-05-31,06:00:00
168,45880000,2021-05-31 05:45:00 ,34.60,16.00,,2021-05-31,05:45:00
169,45880000,2021-05-31 05:30:00 ,34.60,16.00,,2021-05-31,05:30:00
170,45880000,2021-05-31 05:15:00 ,34.60,16.00,,2021-05-31,05:15:00
171,45880000,2021-05-31 05:00:00 ,34.60,16.00,,2021-05-31,05:00:00
172,45880000,2021-05-31 04:45:00 ,34.60,16.00,,2021-05-31,04:45:00
173,45880000,2021-05-31 04:30:00 ,34.60,16.00,,2021-05-31,04:30:00
174,45880000,2021-05-31 04:15:00 ,34.60,16.00,,2021-05-31,04:15:00
175,45880000,2021-05-31 04:00:00 ,35.16,17.00,,2021-05-31,04:00:00
176,45880000,2021-05-31 03:45:00 ,34.60,16.00,,2021-05-31,03:45:00
177,45880000,2021-05-31 03:30:00 ,35.16,17.00,,2021-05-31,03:30:00
178,45880000,2021-05-31 03:15:00 ,35.16,17.00,,2021-05-31,03:15:00
179,45880000,2021-05-31 03:00:00 ,35.16,17.00,,2021-05-31,03:00:00
180,45880000,2021-05-31 02:45:00 ,35.16,17.00,,2021-05-31,02:45:00
181,45880000,2021-05-31 02:30:00 ,35.16,17.00,,2021-05-31,02:30:00
182,45880000,2021-05-31 02:15:00 ,35.16,17.00,,2021-05-31,02:15:00
183,45880000,2021-05-31 02:00:00 ,35.16,17.00,,2021-05-31,02:00:00
184,45880000,2021-05-31 01:45:00 ,35.16,17.00,,2021-05-31,01:45:00
185,45880000,2021-05-31 01:30:00 ,35.16,17.00,,2021-05-31,01:30:00
186,45880000,2021-05-31 01:15:00 ,35.16,17.00,,2021-05-31,01:15:00
187,45880000,2021-05-31 01:00:00 ,35.16,17.00,,2021-05-31,01:00:00
188,45880000,2021-05-31 00:45:00 ,35.16,17.00,,2021-05-31,00:45:00
189,45880000,2021-05-31 00:30:00 ,35.72,18.00,,2021-05-31,00:30:00
190,45880000,2021-05-31 00:15:00 ,35.16,17.00,,2021-05-31,00:15:00
191,45880000,2021-05-31 00:00:00 ,35.72,18.00,,2021-05-31,00:00:00
192,45880000,2021-05-30 23:45:00 ,35.72,18.00,,2021-05-30,23:45:00
193,45880000,2021-05-30 23:30:00 ,35.72,18.00,,2021-05-30,23:30:00
194,45880000,2021-05-30 23:15:00 ,35.72,18.00,,2021-05-30,23:15:00
195,45880000,2021-05-30 23:00:00 ,35.72,18.00,,2021-05-30,23:00:00
196,45880000,2021-05-30 22:45:00 ,35.72,18.00,,2021-05-30,22:45:00
197,45880000,2021-05-30 22:30:00 ,35.72,18.00,,2021-05-30,22:30:00
198,45880000,2021-05-30 22:15:00 ,35.72,18.00,,2021-05-30,22:15:00
199,45880000,2021-05-30 22:00:00 ,35.72,18.00,,2021-05-30,22:00:00
200,45880000,2021-05-30 21:45:00 ,35.72,18.00,,2021-05-30,21:45:00
201,45880000,2021-05-30 21:30:00 ,35.72,18.00,,2021-05-30,21:30:00
202,45880000,2021-05-30 21:15:00 ,35.72,18.00,,2021-05-30,21:15:00
203,45880000,2021-05-30 21:00:00 ,35.72,18.00,,2021-05-30,21:00:00
204,45880000,2021-05-30 20:45:00 ,35.72,18.00,,2021-05-30,20:45:00
205,45880000,2021-05-30 20:30:00 ,35.72,18.00,,2021-05-30,20:30:00
206,45880000,2021-05-30 20:15:00 ,35.72,18.00,,2021-05-30,20:15:00
207,45880000,2021-05-30 20:00:00 ,35.72,18.00,,2021-05-30,20:00:00
208,45880000,2021-05-30 19:45:00 ,35.72,18.00,,2021-05-30,19:45:00
209,45880000,2021-05-30 19:30:00 ,35.72,18.00,,2021-05-30,19:30:00
210,45880000,2021-05-30 19:15:00 ,35.16,17.00,,2021-05-30,19:15:00
211,45880000,2021-05-30 19:00:00 ,35.72,18.00,,2021-05-30,19:00:00
212,45880000,2021-05-30 18:45:00 ,35.16,17.00,,2021-05-30,18:45:00
213,45880000,2021-05-30 18:30:00 ,35.16,17.00,,2021-05-30,18:30:00
214,45880000,2021-05-30 18:15:00 ,35.16,17.00,,2021-05-30,18:15:00
215,45880000,2021-05-30 18:00:00 ,35.16,17.00,,2021-05-30,18:00:00
216,45880000,2021-05-30 17:45:00 ,35.16,17.00,,2021-05-30,17:45:00
217,45880000,2021-05-30 17:30:00 ,35.16,17.00,,2021-05-30,17:30:00
218,45880000,2021-05-30 17:15:00 ,35.16,17.00,,2021-05-30,17:15:00
219,45880000,2021-05-30 17:00:00 ,35.16,17.00,,2021-05-30,17:00:00
220,45880000,2021-05-30 16:45:00 ,35.16,17.00,,2021-05-30,16:45:00
221,45880000,2021-05-30 16:30:00 ,35.16,17.00,,2021-05-30,16:30:00
222,45880000,2021-05-30 16:15:00 ,35.16,17.00,,2021-05-30,16:15:00
223,45880000,2021-05-30 16:00:00 ,35.16,17.00,,2021-05-30,16:00:00
224,45880000,2021-05-30 15:45:00 ,35.16,17.00,,2021-05-30,15:45:00
225,45880000,2021-05-30 15:30:00 ,35.16,17.00,,2021-05-30,15:30:00
226,45880000,2021-05-30 15:15:00 ,35.16,17.00,,2021-05-30,15:15:00
227,45880000,2021-05-30 15:00:00 ,35.72,18.00,,2021-05-30,15:00:00
228,45880000,2021-05-30 14:45:00 ,35.72,18.00,,2021-05-30,14:45:00
229,45880000,2021-05-30 14:30:00 ,35.72,18.00,,2021-05-30,14:30:00
230,45880000,2021-05-30 14:15:00 ,35.72,18.00,0.00,2021-05-30,14:15:00
231,45880000,2021-05-30 14:00:00 ,35.72,18.00,0.00,2021-05-30,14:00:00
232,45880000,2021-05-30 13:45:00 ,35.72,18.00,0.00,2021-05-30,13:45:00
233,45880000,2021-05-30 13:30:00 ,35.72,18.00,0.00,2021-05-30,13:30:00
234,45880000,2021-05-30 13:15:00 ,35.72,18.00,0.00,2021-05-30,13:15:00
235,45880000,2021-05-30 13:00:00 ,35.16,17.00,0.00,2021-05-30,13:00:00
236,45880000,2021-05-30 12:45:00 ,35.16,17.00,0.00,2021-05-30,12:45:00
237,45880000,2021-05-30 12:30:00 ,35.16,17.00,0.00,2021-05-30,12:30:00
238,45880000,2021-05-30 12:15:00 ,35.16,17.00,0.00,2021-05-30,12:15:00
239,45880000,2021-05-30 12:00:00 ,35.16,17.00,0.00,2021-05-30,12:00:00
240,45880000,2021-05-30 11:45:00 ,35.16,17.00,0.00,2021-05-30,11:45:00
241,45880000,2021-05-30 11:30:00 ,35.16,17.00,0.00,2021-05-30,11:30:00
242,45880000,2021-05-30 11:15:00 ,35.16,17.00,0.00,2021-05-30,11:15:00
243,45880000,2021-05-30 11:00:00 ,35.16,17.00,0.00,2021-05-30,11:00:00
244,45880000,2021-05-30 10:45:00 ,35.16,17.00,0.00,2021-05-30,10:45:00
245,45880000,2021-05-30 10:30:00 ,35.16,17.00,0.00,2021-05-30,10:30:00
246,45880000,2021-05-30 10:15:00 ,35.16,17.00,0.00,2021-05-30,10:15:00
247,45880000,2021-05-30 10:00:00 ,35.16,17.00,0.00,2021-05-30,10:00:00
248,45880000,2021-05-30 09:45:00 ,35.16,17.00,0.00,2021-05-30,09:45:00
249,45880000,2021-05-30 09:30:00 ,35.16,17.00,0.00,2021-05-30,09:30:00
250,45880000,2021-05-30 09:15:00 ,35.16,17.00,0.00,2021-05-30,09:15:00
251,45880000,2021-05-30 09:00:00 ,35.16,17.00,0.00,2021-05-30,09:00:00
252,45880000,2021-05-30 08:45:00 ,35.16,17.00,0.00,2021-05-30,08:45:00
253,45880000,2021-05-30 08:30:00 ,35.16,17.00,0.00,2021-05-30,08:30:00
254,45880000,2021-05-30 08:15:00 ,35.16,17.00,0.00,2021-05-30,08:15:00
255,45880000,2021-05-30 08:00:00 ,35.16,17.00,0.00,2021-05-30,08:00:00
256,45880000,2021-05-30 07:45:00 ,35.16,17.00,0.00,2021-05-30,07:45:00
257,45880000,2021-05-30 07:30:00 ,35.16,17.00,0.00,2021-05-30,07:30:00
258,45880000,2021-05-30 07:15:00 ,35.16,17.00,0.00,2021-05-30,07:15:00
259,45880000,2021-05-30 07:00:00 ,35.16,17.00,0.00,2021-05-30,07:00:00
260,45880000,2021-05-30 06:45:00 ,35.16,17.00,0.00,2021-05-30,06:45:00
261,45880000,2021-05-30 06:30:00 ,35.16,17.00,0.00,2021-05-30,06:30:00
262,45880000,2021-05-30 06:15:00 ,35.16,17.00,0.00,2021-05-30,06:15:00
263,45880000,2021-05-30 06:00:00 ,35.16,17.00,0.00,2021-05-30,06:00:00
264,45880000,2021-05-30 05:45:00 ,35.16,17.00,0.00,2021-05-30,05:45:00
265,45880000,2021-05-30 05:30:00 ,35.16,17.00,0.00,2021-05-30,05:30:00
266,45880000,2021-05-30 05:15:00 ,35.16,17.00,0.00,2021-05-30,05:15:00
267,45880000,2021-05-30 05:00:00 ,35.16,17.00,0.00,2021-05-30,05:00:00
268,45880000,2021-05-30 04:45:00 ,35.16,17.00,0.00,2021-05-30,04:45:00
269,45880000,2021-05-30 04:30:00 ,35.16,17.00,0.00,2021-05-30,04:30:00
270,45880000,2021-05-30 04:15:00 ,35.16,17.00,0.00,2021-05-30,04:15:00
271,45880000,2021-05-30 04:00:00 ,35.16,17.00,0.00,2021-05-30,04:00:00
272,45880000,2021-05-30 03:45:00 ,35.16,17.00,0.00,2021-05-30,03:45:00
273,45880000,2021-05-30 03:30:00 ,35.16,17.00,0.00,2021-05-30,03:30:00
274,45880000,2021-05-30 03:15:00 ,35.16,17.00,0.00,2021-05-30,03:15:00
275,45880000,2021-05-30 03:00:00 ,35.16,17.00,0.00,2021-05-30,03:00:00
276,45880000,2021-05-30 02:45:00 ,35.16,17.00,0.00,2021-05-30,02:45:00
277,45880000,2021-05-30 02:30:00 ,35.16,17.00,0.00,2021-05-30,02:30:00
278,45880000,2021-05-30 02:15:00 ,35.16,17.00,0.00,2021-05-30,02:15:00
279,45880000,2021-05-30 02:00:00 ,35.16,17.00,0.00,2021-05-30,02:00:00
280,45880000,2021-05-30 01:45:00 ,35.16,17.00,0.00,2021-05-30,01:45:00
281,45880000,2021-05-30 01:30:00 ,35.16,17.00,0.00,2021-05-30,01:30:00
282,45880000,2021-05-30 01:15:00 ,35.16,17.00,0.00,2021-05-30,01:15:00
283,45880000,2021-05-30 01:00:00 ,35.16,17.00,0.00,2021-05-30,01:00:00
284,45880000,2021-05-30 00:45:00 ,35.16,17.00,0.00,2021-05-30,00:45:00
285,45880000,2021-05-30 00:30:00 ,35.16,17.00,0.00,2021-05-30,00:30:00
286,45880000,2021-05-30 00:15:00 ,35.16,17.00,0.00,2021-05-30,00:15:00
287,45880000,2021-05-30 00:00:00 ,35.16,17.00,0.00,2021-05-30,00:00:00
288,45880000,2021-05-29 23:45:00 ,35.16,17.00,0.00,2021-05-29,23:45:00
289,45880000,2021-05-29 23:30:00 ,35.16,17.00,0.00,2021-05-29,23:30:00
290,45880000,2021-05-29 23:15:00 ,35.16,17.00,0.00,2021-05-29,23:15:00
291,45880000,2021-05-29 23:00:00 ,35.16,17.00,0.00,2021-05-29,23:00:00
292,45880000,2021-05-29 22:45:00 ,35.16,17.00,0.00,2021-05-29,22:45:00
293,45880000,2021-05-29 22:30:00 ,35.16,17.00,0.00,2021-05-29,22:30:00
294,45880000,2021-05-29 22:15:00 ,35.16,17.00,0.00,2021-05-29,22:15:00
295,45880000,2021-05-29 22:00:00 ,35.16,17.00,0.00,2021-05-29,22:00:00
296,45880000,2021-05-29 21:45:00 ,35.16,17.00,0.00,2021-05-29,21:45:00
297,45880000,2021-05-29 21:30:00 ,35.16,17.00,0.00,2021-05-29,21:30:00
298,45880000,2021-05-29 21:15:00 ,35.16,17.00,0.00,2021-05-29,21:15:00
299,45880000,2021-05-29 21:00:00 ,35.16,17.00,0.00,2021-05-29,21:00:00
300,45880000,2021-05-29 20:45:00 ,35.16,17.00,0.00,2021-05-29,20:45:00
301,45880000,2021-05-29 20:30:00 ,35.16,17.00,0.00,2021-05-29,20:30:00
302,45880000,2021-05-29 20:15:00 ,35.16,17.00,0.00,2021-05-29,20:15:00
303,45880000,2021-05-29 20:00:00 ,35.16,17.00,0.00,2021-05-29,20:00:00
304,45880000,2021-05-29 19:45:00 ,35.16,17.00,0.00,2021-05-29,19:45:00
305,45880000,2021-05-29 19:30:00 ,35.16,17.00,0.00,2021-05-29,19:30:00
306,45880000,2021-05-29 19:15:00 ,35.16,17.00,0.00,2021-05-29,19:15:00
307,45880000,2021-05-29 19:00:00 ,35.16,17.00,0.00,2021-05-29,19:00:00
308,45880000,2021-05-29 18:45:00 ,35.16,17.00,0.00,2021-05-29,18:45:00
309,45880000,2021-05-29 18:30:00 ,35.16,17.00,0.00,2021-05-29,18:30:00
310,45880000,2021-05-29 18:15:00 ,35.16,17.00,0.00,2021-05-29,18:15:00
311,45880000,2021-05-29 18:00:00 ,35.16,17.00,0.00,2021-05-29,18:00:00
312,45880000,2021-05-29 17:45:00 ,35.16,17.00,0.00,2021-05-29,17:45:00
313,45880000,2021-05-29 17:30:00 ,35.16,17.00,0.00,2021-05-29,17:30:00
314,45880000,2021-05-29 17:15:00 ,35.16,17.00,0.00,2021-05-29,17:15:00
315,45880000,2021-05-29 17:00:00 ,35.16,17.00,0.00,2021-05-29,17:00:00
316,45880000,2021-05-29 16:45:00 ,35.16,17.00,0.00,2021-05-29,16:45:00
317,45880000,2021-05-29 16:30:00 ,35.16,17.00,0.00,2021-05-29,16:30:00
318,45880000,2021-05-29 16:15:00 ,35.16,17.00,0.00,2021-05-29,16:15:00
319,45880000,2021-05-29 16:00:00 ,35.16,17.00,0.00,2021-05-29,16:00:00
320,45880000,2021-05-29 15:45:00 ,35.16,17.00,0.00,2021-05-29,15:45:00
321,45880000,2021-05-29 15:30:00 ,35.16,17.00,0.00,2021-05-29,15:30:00
322,45880000,2021-05-29 15:15:00 ,35.16,17.00,0.00,2021-05-29,15:15:00
323,45880000,2021-05-29 15:00:00 ,35.16,17.00,0.00,2021-05-29,15:00:00
324,45880000,2021-05-29 14:45:00 ,35.16,17.00,0.00,2021-05-29,14:45:00
325,45880000,2021-05-29 14:30:00 ,35.16,17.00,0.00,2021-05-29,14:30:00
326,45880000,2021-05-29 14:15:00 ,35.16,17.00,0.00,2021-05-29,14:15:00
327,45880000,2021-05-29 14:00:00 ,35.16,17.00,0.00,2021-05-29,14:00:00
328,45880000,2021-05-29 13:45:00 ,35.16,17.00,0.00,2021-05-29,13:45:00
329,45880000,2021-05-29 13:30:00 ,35.16,17.00,0.00,2021-05-29,13:30:00
330,45880000,2021-05-29 13:15:00 ,34.60,16.00,0.00,2021-05-29,13:15:00
331,45880000,2021-05-29 13:00:00 ,34.60,16.00,0.00,2021-05-29,13:00:00
332,45880000,2021-05-29 12:45:00 ,34.60,16.00,0.00,2021-05-29,12:45:00
333,45880000,2021-05-29 12:30:00 ,34.60,16.00,0.00,2021-05-29,12:30:00
334,45880000,2021-05-29 12:15:00 ,34.60,16.00,0.00,2021-05-29,12:15:00
335,45880000,2021-05-29 12:00:00 ,34.60,16.00,0.00,2021-05-29,12:00:00
336,45880000,2021-05-29 11:45:00 ,34.60,16.00,0.00,2021-05-29,11:45:00
337,45880000,2021-05-29 11:30:00 ,34.60,16.00,0.00,2021-05-29,11:30:00
338,45880000,2021-05-29 11:15:00 ,34.60,16.00,0.00,2021-05-29,11:15:00
339,45880000,2021-05-29 11:00:00 ,34.60,16.00,0.00,2021-05-29,11:00:00
340,45880000,2021-05-29 10:45:00 ,34.60,16.00,0.00,2021-05-29,10:45:00
341,45880000,2021-05-29 10:30:00 ,34.60,16.00,0.00,2021-05-29,10:30:00
342,45880000,2021-05-29 10:15:00 ,34.60,16.00,0.00,2021-05-29,10:15:00
343,45880000,2021-05-29 10:00:00 ,34.60,16.00,0.00,2021-05-29,10:00:00
344,45880000,2021-05-29 09:45:00 ,34.60,16.00,0.00,2021-05-29,09:45:00
345,45880000,2021-05-29 09:30:00 ,34.60,16.00,0.00,2021-05-29,09:30:00
346,45880000,2021-05-29 09:15:00 ,34.60,16.00,0.00,2021-05-29,09:15:00
347,45880000,2021-05-29 09:00:00 ,34.60,16.00,0.00,2021-05-29,09:00:00
348,45880000,2021-05-29 08:45:00 ,34.60,16.00,0.00,2021-05-29,08:45:00
349,45880000,2021-05-29 08:30:00 ,34.60,16.00,0.00,2021-05-29,08:30:00
350,45880000,2021-05-29 08:15:00 ,34.60,16.00,0.00,2021-05-29,08:15:00
351,45880000,2021-05-29 08:00:00 ,34.60,16.00,0.00,2021-05-29,08:00:00
352,45880000,2021-05-29 07:45:00 ,34.60,16.00,0.00,2021-05-29,07:45:00
353,45880000,2021-05-29 07:30:00 ,34.60,16.00,0.00,2021-05-29,07:30:00
354,45880000,2021-05-29 07:15:00 ,34.60,16.00,0.00,2021-05-29,07:15:00
355,45880000,2021-05-29 07:00:00 ,34.60,16.00,0.00,2021-05-29,07:00:00
356,45880000,2021-05-29 06:45:00 ,34.60,16.00,0.00,2021-05-29,06:45:00
357,45880000,2021-05-29 06:30:00 ,34.60,16.00,0.00,2021-05-29,06:30:00
358,45880000,2021-05-29 06:15:00 ,34.60,16.00,0.00,2021-05-29,06:15:00
359,45880000,2021-05-29 06:00:00 ,34.60,16.00,0.00,2021-05-29,06:00:00
360,45880000,2021-05-29 05:45:00 ,34.60,16.00,0.00,2021-05-29,05:45:00
361,45880000,2021-05-29 05:30:00 ,34.60,16.00,0.00,2021-05-29,05:30:00
362,45880000,2021-05-29 05:15:00 ,34.60,16.00,0.00,2021-05-29,05:15:00
363,45880000,2021-05-29 05:00:00 ,34.60,16.00,0.00,2021-05-29,05:00:00
364,45880000,2021-05-29 04:45:00 ,34.60,16.00,0.00,2021-05-29,04:45:00
365,45880000,2021-05-29 04:30:00 ,34.60,16.00,0.00,2021-05-29,04:30:00
366,45880000,2021-05-29 04:15:00 ,34.60,16.00,0.00,2021-05-29,04:15:00
367,45880000,2021-05-29 04:00:00 ,34.60,16.00,0.00,2021-05-29,04:00:00
368,45880000,2021-05-29 03:45:00 ,34.60,16.00,0.00,2021-05-29,03:45:00
369,45880000,2021-05-29 03:30:00 ,34.60,16.00,0.00,2021-05-29,03:30:00
370,45880000,2021-05-29 03:15:00 ,34.60,16.00,0.00,2021-05-29,03:15:00
371,45880000,2021-05-29 03:00:00 ,34.60,16.00,0.00,2021-05-29,03:00:00
372,45880000,2021-05-29 02:45:00 ,34.60,16.00,0.00,2021-05-29,02:45:00
373,45880000,2021-05-29 02:30:00 ,34.60,16.00,0.00,2021-05-29,02:30:00
374,45880000,2021-05-29 02:15:00 ,34.60,16.00,0.00,2021-05-29,02:15:00
375,45880000,2021-05-29 02:00:00 ,34.60,16.00,0.00,2021-05-29,02:00:00
376,45880000,2021-05-29 01:45:00 ,34.60,16.00,0.00,2021-05-29,01:45:00
377,45880000,2021-05-29 01:30:00 ,34.60,16.00,0.00,2021-05-29,01:30:00
378,45880000,2021-05-29 01:15:00 ,34.04,15.00,0.00,2021-05-29,01:15:00
379,45880000,2021-05-29 01:00:00 ,34.60,16.00,0.00,2021-05-29,01:00:00
380,45880000,2021-05-29 00:45:00 ,34.60,16.00,0.00,2021-05-29,00:45:00
381,45880000,2021-05-29 00:30:00 ,34.60,16.00,0.00,2021-05-29,00:30:00
382,45880000,2021-05-29 00:15:00 ,34.60,16.00,0.00,2021-05-29,00:15:00
383,45880000,2021-05-29 00:00:00 ,34.60,16.00,0.00,2021-05-29,00:00:00
384,45880000,2021-05-28 23:45:00 ,34.60,16.00,0.00,2021-05-28,23:45:00
385,45880000,2021-05-28 23:30:00 ,34.60,16.00,0.00,2021-05-28,23:30:00
386,45880000,2021-05-28 23:15:00 ,34.60,16.00,0.00,2021-05-28,23:15:00
387,45880000,2021-05-28 23:00:00 ,34.60,16.00,0.00,2021-05-28,23:00:00
388,45880000,2021-05-28 22:45:00 ,34.60,16.00,0.00,2021-05-28,22:45:00
389,45880000,2021-05-28 22:30:00 ,34.60,16.00,0.00,2021-05-28,22:30:00
390,45880000,2021-05-28 22:15:00 ,34.60,16.00,0.00,2021-05-28,22:15:00
391,45880000,2021-05-28 22:00:00 ,34.60,16.00,0.00,2021-05-28,22:00:00
392,45880000,2021-05-28 21:45:00 ,34.60,16.00,0.00,2021-05-28,21:45:00
393,45880000,2021-05-28 21:30:00 ,34.60,16.00,0.00,2021-05-28,21:30:00
394,45880000,2021-05-28 21:15:00 ,34.60,16.00,0.00,2021-05-28,21:15:00
395,45880000,2021-05-28 21:00:00 ,34.60,16.00,0.00,2021-05-28,21:00:00
396,45880000,2021-05-28 20:45:00 ,34.60,16.00,0.00,2021-05-28,20:45:00
397,45880000,2021-05-28 20:30:00 ,34.60,16.00,0.00,2021-05-28,20:30:00
398,45880000,2021-05-28 20:15:00 ,34.60,16.00,0.00,2021-05-28,20:15:00
399,45880000,2021-05-28 20:00:00 ,34.60,16.00,0.00,2021-05-28,20:00:00
400,45880000,2021-05-28 19:45:00 ,34.60,16.00,0.00,2021-05-28,19:45:00
401,45880000,2021-05-28 19:30:00 ,34.60,16.00,0.00,2021-05-28,19:30:00
402,45880000,2021-05-28 19:15:00 ,34.60,16.00,0.00,2021-05-28,19:15:00
403,45880000,2021-05-28 19:00:00 ,34.60,16.00,0.00,2021-05-28,19:00:00
404,45880000,2021-05-28 18:45:00 ,34.60,16.00,0.00,2021-05-28,18:45:00
405,45880000,2021-05-28 18:30:00 ,34.60,16.00,0.00,2021-05-28,18:30:00
406,45880000,2021-05-28 18:15:00 ,34.60,16.00,0.00,2021-05-28,18:15:00
407,45880000,2021-05-28 18:00:00 ,34.60,16.00,0.00,2021-05-28,18:00:00
408,45880000,2021-05-28 17:45:00 ,34.60,16.00,0.00,2021-05-28,17:45:00
409,45880000,2021-05-28 17:30:00 ,34.60,16.00,0.00,2021-05-28,17:30:00
410,45880000,2021-05-28 17:15:00 ,34.60,16.00,0.00,2021-05-28,17:15:00
411,45880000,2021-05-28 17:00:00 ,34.60,16.00,0.00,2021-05-28,17:00:00
412,45880000,2021-05-28 16:45:00 ,34.60,16.00,0.00,2021-05-28,16:45:00
413,45880000,2021-05-28 16:30:00 ,34.60,16.00,0.00,2021-05-28,16:30:00
414,45880000,2021-05-28 16:15:00 ,34.60,16.00,0.00,2021-05-28,16:15:00
415,45880000,2021-05-28 16:00:00 ,34.60,16.00,0.00,2021-05-28,16:00:00
416,45880000,2021-05-28 15:45:00 ,34.60,16.00,0.00,2021-05-28,15:45:00
417,45880000,2021-05-28 15:30:00 ,34.60,16.00,0.00,2021-05-28,15:30:00
418,45880000,2021-05-28 15:15:00 ,34.60,16.00,0.00,2021-05-28,15:15:00
419,45880000,2021-05-28 15:00:00 ,34.60,16.00,0.00,2021-05-28,15:00:00
420,45880000,2021-05-28 14:45:00 ,34.60,16.00,0.00,2021-05-28,14:45:00
421,45880000,2021-05-28 14:30:00 ,34.60,16.00,0.00,2021-05-28,14:30:00
422,45880000,2021-05-28 14:15:00 ,34.60,16.00,0.00,2021-05-28,14:15:00
423,45880000,2021-05-28 14:00:00 ,34.60,16.00,0.00,2021-05-28,14:00:00
424,45880000,2021-05-28 13:45:00 ,34.60,16.00,0.00,2021-05-28,13:45:00
425,45880000,2021-05-28 13:30:00 ,34.60,16.00,0.00,2021-05-28,13:30:00
426,45880000,2021-05-28 13:15:00 ,34.60,16.00,0.00,2021-05-28,13:15:00
427,45880000,2021-05-28 13:00:00 ,34.60,16.00,0.00,2021-05-28,13:00:00
428,45880000,2021-05-28 12:45:00 ,34.60,16.00,0.00,2021-05-28,12:45:00
429,45880000,2021-05-28 12:30:00 ,34.60,16.00,0.00,2021-05-28,12:30:00
430,45880000,2021-05-28 12:15:00 ,34.60,16.00,0.00,2021-05-28,12:15:00
431,45880000,2021-05-28 12:00:00 ,34.60,16.00,0.00,2021-05-28,12:00:00
432,45880000,2021-05-28 11:45:00 ,34.60,16.00,0.00,2021-05-28,11:45:00
433,45880000,2021-05-28 11:30:00 ,34.60,16.00,0.00,2021-05-28,11:30:00
434,45880000,2021-05-28 11:15:00 ,34.60,16.00,0.00,2021-05-28,11:15:00
435,45880000,2021-05-28 11:00:00 ,34.60,16.00,0.00,2021-05-28,11:00:00
436,45880000,2021-05-28 10:45:00 ,34.60,16.00,0.00,2021-05-28,10:45:00
437,45880000,2021-05-28 10:30:00 ,34.60,16.00,0.00,2021-05-28,10:30:00
438,45880000,2021-05-28 10:15:00 ,34.60,16.00,0.00,2021-05-28,10:15:00
439,45880000,2021-05-28 10:00:00 ,34.60,16.00,0.00,2021-05-28,10:00:00
440,45880000,2021-05-28 09:45:00 ,34.60,16.00,0.00,2021-05-28,09:45:00
441,45880000,2021-05-28 09:30:00 ,34.60,16.00,0.00,2021-05-28,09:30:00
442,45880000,2021-05-28 09:15:00 ,34.60,16.00,0.00,2021-05-28,09:15:00
443,45880000,2021-05-28 09:00:00 ,34.60,16.00,0.00,2021-05-28,09:00:00
444,45880000,2021-05-28 08:45:00 ,34.60,16.00,0.00,2021-05-28,08:45:00
445,45880000,2021-05-28 08:30:00 ,34.60,16.00,0.00,2021-05-28,08:30:00
446,45880000,2021-05-28 08:15:00 ,34.60,16.00,0.00,2021-05-28,08:15:00
447,45880000,2021-05-28 08:00:00 ,34.60,16.00,0.00,2021-05-28,08:00:00
448,45880000,2021-05-28 07:45:00 ,34.60,16.00,0.00,2021-05-28,07:45:00
449,45880000,2021-05-28 07:30:00 ,34.60,16.00,0.00,2021-05-28,07:30:00
450,45880000,2021-05-28 07:15:00 ,34.60,16.00,0.00,2021-05-28,07:15:00
451,45880000,2021-05-28 07:00:00 ,34.60,16.00,0.00,2021-05-28,07:00:00
452,45880000,2021-05-28 06:45:00 ,34.60,16.00,0.00,2021-05-28,06:45:00
453,45880000,2021-05-28 06:30:00 ,34.60,16.00,0.00,2021-05-28,06:30:00
454,45880000,2021-05-28 06:15:00 ,34.60,16.00,0.00,2021-05-28,06:15:00
455,45880000,2021-05-28 06:00:00 ,34.60,16.00,0.00,2021-05-28,06:00:00
456,45880000,2021-05-28 05:45:00 ,34.60,16.00,0.00,2021-05-28,05:45:00
457,45880000,2021-05-28 05:30:00 ,34.60,16.00,0.00,2021-05-28,05:30:00
458,45880000,2021-05-28 05:15:00 ,34.60,16.00,0.00,2021-05-28,05:15:00
459,45880000,2021-05-28 05:00:00 ,34.60,16.00,0.00,2021-05-28,05:00:00
460,45880000,2021-05-28 04:45:00 ,34.60,16.00,0.00,2021-05-28,04:45:00
461,45880000,2021-05-28 04:30:00 ,34.60,16.00,0.00,2021-05-28,04:30:00
462,45880000,2021-05-28 04:15:00 ,34.60,16.00,0.00,2021-05-28,04:15:00
463,45880000,2021-05-28 04:00:00 ,34.60,16.00,0.00,2021-05-28,04:00:00
464,45880000,2021-05-28 03:45:00 ,34.60,16.00,0.00,2021-05-28,03:45:00
465,45880000,2021-05-28 03:30:00 ,34.60,16.00,0.00,2021-05-28,03:30:00
466,45880000,2021-05-28 03:15:00 ,34.60,16.00,0.00,2021-05-28,03:15:00
467,45880000,2021-05-28 03:00:00 ,34.60,16.00,0.00,2021-05-28,03:00:00
468,45880000,2021-05-28 02:45:00 ,34.60,16.00,0.00,2021-05-28,02:45:00
469,45880000,2021-05-28 02:30:00 ,34.60,16.00,0.00,2021-05-28,02:30:00
470,45880000,2021-05-28 02:15:00 ,34.60,16.00,0.00,2021-05-28,02:15:00
471,45880000,2021-05-28 02:00:00 ,34.60,16.00,0.00,2021-05-28,02:00:00
472,45880000,2021-05-28 01:45:00 ,34.60,16.00,0.00,2021-05-28,01:45:00
473,45880000,2021-05-28 01:30:00 ,34.60,16.00,0.00,2021-05-28,01:30:00
474,45880000,2021-05-28 01:15:00 ,34.60,16.00,0.00,2021-05-28,01:15:00
475,45880000,2021-05-28 01:00:00 ,34.60,16.00,0.00,2021-05-28,01:00:00
476,45880000,2021-05-28 00:45:00 ,34.60,16.00,0.00,2021-05-28,00:45:00
477,45880000,2021-05-28 00:30:00 ,34.60,16.00,0.00,2021-05-28,00:30:00
478,45880000,2021-05-28 00:15:00 ,34.60,16.00,0.00,2021-05-28,00:15:00
479,45880000,2021-05-28 00:00:00 ,34.60,16.00,0.00,2021-05-28,00:00:00
480,45880000,2021-05-27 23:45:00 ,34.60,16.00,0.00,2021-05-27,23:45:00
481,45880000,2021-05-27 23:30:00 ,34.60,16.00,0.00,2021-05-27,23:30:00
482,45880000,2021-05-27 23:15:00 ,34.60,16.00,0.00,2021-05-27,23:15:00
483,45880000,2021-05-27 23:00:00 ,34.60,16.00,0.00,2021-05-27,23:00:00
484,45880000,2021-05-27 22:45:00 ,34.60,16.00,0.00,2021-05-27,22:45:00
485,45880000,2021-05-27 22:30:00 ,34.60,16.00,0.00,2021-05-27,22:30:00
486,45880000,2021-05-27 22:15:00 ,34.60,16.00,0.00,2021-05-27,22:15:00
487,45880000,2021-05-27 22:00:00 ,34.60,16.00,0.00,2021-05-27,22:00:00
488,45880000,2021-05-27 21:45:00 ,34.60,16.00,0.00,2021-05-27,21:45:00
489,45880000,2021-05-27 21:30:00 ,34.60,16.00,0.00,2021-05-27,21:30:00
490,45880000,2021-05-27 21:15:00 ,34.60,16.00,0.00,2021-05-27,21:15:00
491,45880000,2021-05-27 21:00:00 ,34.60,16.00,0.00,2021-05-27,21:00:00
492,45880000,2021-05-27 20:45:00 ,34.60,16.00,0.00,2021-05-27,20:45:00
493,45880000,2021-05-27 20:30:00 ,34.60,16.00,0.00,2021-05-27,20:30:00
494,45880000,2021-05-27 20:15:00 ,34.60,16.00,0.00,2021-05-27,20:15:00
495,45880000,2021-05-27 20:00:00 ,34.60,16.00,0.00,2021-05-27,20:00:00
496,45880000,2021-05-27 19:45:00 ,34.60,16.00,0.00,2021-05-27,19:45:00
497,45880000,2021-05-27 19:30:00 ,34.60,16.00,0.00,2021-05-27,19:30:00
498,45880000,2021-05-27 19:15:00 ,34.60,16.00,0.00,2021-05-27,19:15:00
499,45880000,2021-05-27 19:00:00 ,34.60,16.00,0.00,2021-05-27,19:00:00
500,45880000,2021-05-27 18:45:00 ,34.60,16.00,0.00,2021-05-27,18:45:00
501,45880000,2021-05-27 18:30:00 ,34.60,16.00,0.00,2021-05-27,18:30:00
502,45880000,2021-05-27 18:15:00 ,34.60,16.00,0.00,2021-05-27,18:15:00
503,45880000,2021-05-27 18:00:00 ,34.60,16.00,0.00,2021-05-27,18:00:00
504,45880000,2021-05-27 17:45:00 ,34.60,16.00,0.00,2021-05-27,17:45:00
505,45880000,2021-05-27 17:30:00 ,34.60,16.00,0.00,2021-05-27,17:30:00
506,45880000,2021-05-27 17:15:00 ,34.60,16.00,0.00,2021-05-27,17:15:00
507,45880000,2021-05-27 17:00:00 ,35.16,17.00,0.00,2021-05-27,17:00:00
508,45880000,2021-05-27 16:45:00 ,34.60,16.00,0.00,2021-05-27,16:45:00
509,45880000,2021-05-27 16:30:00 ,34.60,16.00,0.00,2021-05-27,16:30:00
510,45880000,2021-05-27 16:15:00 ,34.60,16.00,0.00,2021-05-27,16:15:00
511,45880000,2021-05-27 16:00:00 ,34.60,16.00,0.00,2021-05-27,16:00:00
512,45880000,2021-05-27 15:45:00 ,34.60,16.00,0.00,2021-05-27,15:45:00
513,45880000,2021-05-27 15:30:00 ,34.60,16.00,0.00,2021-05-27,15:30:00
514,45880000,2021-05-27 15:15:00 ,34.60,16.00,0.00,2021-05-27,15:15:00
515,45880000,2021-05-27 15:00:00 ,34.60,16.00,0.00,2021-05-27,15:00:00
516,45880000,2021-05-27 14:45:00 ,34.60,16.00,0.00,2021-05-27,14:45:00
517,45880000,2021-05-27 14:30:00 ,34.60,16.00,0.00,2021-05-27,14:30:00
518,45880000,2021-05-27 14:15:00 ,34.60,16.00,0.00,2021-05-27,14:15:00
519,45880000,2021-05-27 14:00:00 ,34.60,16.00,0.00,2021-05-27,14:00:00
520,45880000,2021-05-27 13:45:00 ,34.60,16.00,0.00,2021-05-27,13:45:00
521,45880000,2021-05-27 13:30:00 ,34.60,16.00,0.00,2021-05-27,13:30:00
522,45880000,2021-05-27 13:15:00 ,34.60,16.00,0.00,2021-05-27,13:15:00
523,45880000,2021-05-27 13:00:00 ,34.60,16.00,0.00,2021-05-27,13:00:00
524,45880000,2021-05-27 12:45:00 ,34.60,16.00,0.00,2021-05-27,12:45:00
525,45880000,2021-05-27 12:30:00 ,34.60,16.00,0.00,2021-05-27,12:30:00
526,45880000,2021-05-27 12:15:00 ,34.60,16.00,0.00,2021-05-27,12:15:00
527,45880000,2021-05-27 12:00:00 ,34.60,16.00,0.00,2021-05-27,12:00:00
528,45880000,2021-05-27 11:45:00 ,34.60,16.00,0.00,2021-05-27,11:45:00
529,45880000,2021-05-27 11:30:00 ,34.60,16.00,0.00,2021-05-27,11:30:00
530,45880000,2021-05-27 11:15:00 ,34.60,16.00,0.00,2021-05-27,11:15:00
531,45880000,2021-05-27 11:00:00 ,34.60,16.00,0.00,2021-05-27,11:00:00
532,45880000,2021-05-27 10:45:00 ,34.60,16.00,0.00,2021-05-27,10:45:00
533,45880000,2021-05-27 10:30:00 ,34.60,16.00,0.00,2021-05-27,10:30:00
534,45880000,2021-05-27 10:15:00 ,34.60,16.00,0.00,2021-05-27,10:15:00
535,45880000,2021-05-27 10:00:00 ,34.60,16.00,0.00,2021-05-27,10:00:00
536,45880000,2021-05-27 09:45:00 ,34.60,16.00,0.00,2021-05-27,09:45:00
537,45880000,2021-05-27 09:30:00 ,34.60,16.00,0.00,2021-05-27,09:30:00
538,45880000,2021-05-27 09:15:00 ,34.60,16.00,0.00,2021-05-27,09:15:00
539,45880000,2021-05-27 09:00:00 ,34.60,16.00,0.00,2021-05-27,09:00:00
540,45880000,2021-05-27 08:45:00 ,34.60,16.00,0.00,2021-05-27,08:45:00
541,45880000,2021-05-27 08:30:00 ,34.60,16.00,0.00,2021-05-27,08:30:00
542,45880000,2021-05-27 08:15:00 ,34.60,16.00,0.00,2021-05-27,08:15:00
543,45880000,2021-05-27 08:00:00 ,34.60,16.00,0.00,2021-05-27,08:00:00
544,45880000,2021-05-27 07:45:00 ,34.60,16.00,0.00,2021-05-27,07:45:00
545,45880000,2021-05-27 07:30:00 ,34.60,16.00,0.00,2021-05-27,07:30:00
546,45880000,2021-05-27 07:15:00 ,34.60,16.00,0.00,2021-05-27,07:15:00
547,45880000,2021-05-27 07:00:00 ,34.60,16.00,0.00,2021-05-27,07:00:00
548,45880000,2021-05-27 06:45:00 ,34.60,16.00,0.00,2021-05-27,06:45:00
549,45880000,2021-05-27 06:30:00 ,34.60,16.00,0.00,2021-05-27,06:30:00
550,45880000,2021-05-27 06:15:00 ,34.60,16.00,0.00,2021-05-27,06:15:00
551,45880000,2021-05-27 06:00:00 ,34.60,16.00,0.00,2021-05-27,06:00:00
552,45880000,2021-05-27 05:45:00 ,34.60,16.00,0.00,2021-05-27,05:45:00
553,45880000,2021-05-27 05:30:00 ,34.60,16.00,0.00,2021-05-27,05:30:00
554,45880000,2021-05-27 05:15:00 ,34.60,16.00,0.00,2021-05-27,05:15:00
555,45880000,2021-05-27 05:00:00 ,34.60,16.00,0.00,2021-05-27,05:00:00
556,45880000,2021-05-27 04:45:00 ,34.60,16.00,0.00,2021-05-27,04:45:00
557,45880000,2021-05-27 04:30:00 ,34.60,16.00,0.00,2021-05-27,04:30:00
558,45880000,2021-05-27 04:15:00 ,34.60,16.00,0.00,2021-05-27,04:15:00
559,45880000,2021-05-27 04:00:00 ,34.60,16.00,0.00,2021-05-27,04:00:00
560,45880000,2021-05-27 03:45:00 ,34.60,16.00,0.00,2021-05-27,03:45:00
561,45880000,2021-05-27 03:30:00 ,34.60,16.00,0.00,2021-05-27,03:30:00
562,45880000,2021-05-27 03:15:00 ,34.60,16.00,0.00,2021-05-27,03:15:00
563,45880000,2021-05-27 03:00:00 ,34.60,16.00,0.00,2021-05-27,03:00:00
564,45880000,2021-05-27 02:45:00 ,34.60,16.00,0.00,2021-05-27,02:45:00
565,45880000,2021-05-27 02:30:00 ,34.60,16.00,0.00,2021-05-27,02:30:00
566,45880000,2021-05-27 02:15:00 ,34.60,16.00,0.00,2021-05-27,02:15:00
567,45880000,2021-05-27 02:00:00 ,34.60,16.00,0.00,2021-05-27,02:00:00
568,45880000,2021-05-27 01:45:00 ,34.60,16.00,0.00,2021-05-27,01:45:00
569,45880000,2021-05-27 01:30:00 ,35.16,17.00,0.00,2021-05-27,01:30:00
570,45880000,2021-05-27 01:15:00 ,35.16,17.00,0.00,2021-05-27,01:15:00
571,45880000,2021-05-27 01:00:00 ,35.16,17.00,0.00,2021-05-27,01:00:00
572,45880000,2021-05-27 00:45:00 ,35.16,17.00,0.00,2021-05-27,00:45:00
573,45880000,2021-05-27 00:30:00 ,35.16,17.00,0.00,2021-05-27,00:30:00
574,45880000,2021-05-27 00:15:00 ,35.16,17.00,0.00,2021-05-27,00:15:00
575,45880000,2021-05-27 00:00:00 ,35.16,17.00,0.00,2021-05-27,00:00:00
576,45880000,2021-05-26 23:45:00 ,35.16,17.00,0.00,2021-05-26,23:45:00
577,45880000,2021-05-26 23:30:00 ,35.16,17.00,0.00,2021-05-26,23:30:00
578,45880000,2021-05-26 23:15:00 ,35.16,17.00,0.00,2021-05-26,23:15:00
579,45880000,2021-05-26 23:00:00 ,35.16,17.00,0.00,2021-05-26,23:00:00
580,45880000,2021-05-26 22:45:00 ,35.16,17.00,0.00,2021-05-26,22:45:00
581,45880000,2021-05-26 22:30:00 ,35.16,17.00,0.00,2021-05-26,22:30:00
582,45880000,2021-05-26 22:15:00 ,35.16,17.00,0.00,2021-05-26,22:15:00
583,45880000,2021-05-26 22:00:00 ,35.16,17.00,0.00,2021-05-26,22:00:00
584,45880000,2021-05-26 21:45:00 ,35.16,17.00,0.00,2021-05-26,21:45:00
585,45880000,2021-05-26 21:30:00 ,35.16,17.00,0.00,2021-05-26,21:30:00
586,45880000,2021-05-26 21:15:00 ,35.16,17.00,0.00,2021-05-26,21:15:00
587,45880000,2021-05-26 21:00:00 ,35.16,17.00,0.00,2021-05-26,21:00:00
588,45880000,2021-05-26 20:45:00 ,35.16,17.00,0.00,2021-05-26,20:45:00
589,45880000,2021-05-26 20:30:00 ,35.16,17.00,0.00,2021-05-26,20:30:00
590,45880000,2021-05-26 20:15:00 ,35.16,17.00,0.00,2021-05-26,20:15:00
591,45880000,2021-05-26 20:00:00 ,35.16,17.00,0.00,2021-05-26,20:00:00
592,45880000,2021-05-26 19:45:00 ,35.16,17.00,0.00,2021-05-26,19:45:00
593,45880000,2021-05-26 19:30:00 ,35.16,17.00,0.00,2021-05-26,19:30:00
594,45880000,2021-05-26 19:15:00 ,35.16,17.00,0.00,2021-05-26,19:15:00
595,45880000,2021-05-26 19:00:00 ,35.16,17.00,0.00,2021-05-26,19:00:00
596,45880000,2021-05-26 18:45:00 ,35.16,17.00,0.00,2021-05-26,18:45:00
597,45880000,2021-05-26 18:30:00 ,35.16,17.00,0.00,2021-05-26,18:30:00
598,45880000,2021-05-26 18:15:00 ,35.16,17.00,0.00,2021-05-26,18:15:00
599,45880000,2021-05-26 18:00:00 ,35.16,17.00,0.00,2021-05-26,18:00:00
600,45880000,2021-05-26 17:45:00 ,35.72,18.00,0.00,2021-05-26,17:45:00
601,45880000,2021-05-26 17:30:00 ,35.72,18.00,0.00,2021-05-26,17:30:00
602,45880000,2021-05-26 17:15:00 ,35.72,18.00,0.00,2021-05-26,17:15:00
603,45880000,2021-05-26 17:00:00 ,35.72,18.00,0.00,2021-05-26,17:00:00
604,45880000,2021-05-26 16:45:00 ,35.16,17.00,0.00,2021-05-26,16:45:00
605,45880000,2021-05-26 16:30:00 ,35.16,17.00,0.00,2021-05-26,16:30:00
606,45880000,2021-05-26 16:15:00 ,35.16,17.00,0.00,2021-05-26,16:15:00
607,45880000,2021-05-26 16:00:00 ,35.16,17.00,0.00,2021-05-26,16:00:00
608,45880000,2021-05-26 15:45:00 ,35.16,17.00,0.00,2021-05-26,15:45:00
609,45880000,2021-05-26 15:30:00 ,35.16,17.00,0.00,2021-05-26,15:30:00
610,45880000,2021-05-26 15:15:00 ,35.16,17.00,0.00,2021-05-26,15:15:00
611,45880000,2021-05-26 15:00:00 ,35.16,17.00,0.00,2021-05-26,15:00:00
612,45880000,2021-05-26 14:45:00 ,35.16,17.00,0.00,2021-05-26,14:45:00
613,45880000,2021-05-26 14:30:00 ,35.16,17.00,0.00,2021-05-26,14:30:00
614,45880000,2021-05-26 14:15:00 ,35.16,17.00,0.00,2021-05-26,14:15:00
615,45880000,2021-05-26 14:00:00 ,35.16,17.00,0.00,2021-05-26,14:00:00
616,45880000,2021-05-26 13:45:00 ,35.16,17.00,0.00,2021-05-26,13:45:00
617,45880000,2021-05-26 13:30:00 ,35.16,17.00,0.00,2021-05-26,13:30:00
618,45880000,2021-05-26 13:15:00 ,35.16,17.00,0.00,2021-05-26,13:15:00
619,45880000,2021-05-26 13:00:00 ,35.16,17.00,0.00,2021-05-26,13:00:00
620,45880000,2021-05-26 12:45:00 ,35.16,17.00,0.00,2021-05-26,12:45:00
621,45880000,2021-05-26 12:30:00 ,35.16,17.00,0.00,2021-05-26,12:30:00
622,45880000,2021-05-26 12:15:00 ,35.16,17.00,0.00,2021-05-26,12:15:00
623,45880000,2021-05-26 12:00:00 ,35.16,17.00,0.00,2021-05-26,12:00:00
624,45880000,2021-05-26 11:45:00 ,35.16,17.00,0.00,2021-05-26,11:45:00
625,45880000,2021-05-26 11:30:00 ,35.16,17.00,0.00,2021-05-26,11:30:00
626,45880000,2021-05-26 11:15:00 ,35.16,17.00,0.00,2021-05-26,11:15:00
627,45880000,2021-05-26 11:00:00 ,35.16,17.00,0.00,2021-05-26,11:00:00
628,45880000,2021-05-26 10:45:00 ,35.16,17.00,0.00,2021-05-26,10:45:00
629,45880000,2021-05-26 10:30:00 ,35.16,17.00,0.00,2021-05-26,10:30:00
630,45880000,2021-05-26 10:15:00 ,35.16,17.00,0.00,2021-05-26,10:15:00
631,45880000,2021-05-26 10:00:00 ,35.16,17.00,0.00,2021-05-26,10:00:00
632,45880000,2021-05-26 09:45:00 ,35.16,17.00,0.00,2021-05-26,09:45:00
633,45880000,2021-05-26 09:30:00 ,35.16,17.00,0.00,2021-05-26,09:30:00
634,45880000,2021-05-26 09:15:00 ,35.16,17.00,0.00,2021-05-26,09:15:00
635,45880000,2021-05-26 09:00:00 ,35.16,17.00,0.00,2021-05-26,09:00:00
636,45880000,2021-05-26 08:45:00 ,34.60,16.00,0.00,2021-05-26,08:45:00
637,45880000,2021-05-26 08:30:00 ,35.16,17.00,0.00,2021-05-26,08:30:00
638,45880000,2021-05-26 08:15:00 ,34.60,16.00,0.00,2021-05-26,08:15:00
639,45880000,2021-05-26 08:00:00 ,34.60,16.00,0.00,2021-05-26,08:00:00
640,45880000,2021-05-26 07:45:00 ,34.60,16.00,0.00,2021-05-26,07:45:00
641,45880000,2021-05-26 07:30:00 ,34.60,16.00,0.00,2021-05-26,07:30:00
642,45880000,2021-05-26 07:15:00 ,34.60,16.00,0.00,2021-05-26,07:15:00
643,45880000,2021-05-26 07:00:00 ,34.60,16.00,0.00,2021-05-26,07:00:00
644,45880000,2021-05-26 06:45:00 ,34.60,16.00,0.00,2021-05-26,06:45:00
645,45880000,2021-05-26 06:30:00 ,34.60,16.00,0.00,2021-05-26,06:30:00
646,45880000,2021-05-26 06:15:00 ,34.60,16.00,0.00,2021-05-26,06:15:00
647,45880000,2021-05-26 06:00:00 ,34.60,16.00,0.00,2021-05-26,06:00:00
648,45880000,2021-05-26 05:45:00 ,34.60,16.00,0.00,2021-05-26,05:45:00
649,45880000,2021-05-26 05:30:00 ,34.60,16.00,0.00,2021-05-26,05:30:00
650,45880000,2021-05-26 05:15:00 ,34.60,16.00,0.00,2021-05-26,05:15:00
651,45880000,2021-05-26 05:00:00 ,34.60,16.00,0.00,2021-05-26,05:00:00
652,45880000,2021-05-26 04:45:00 ,34.60,16.00,0.00,2021-05-26,04:45:00
653,45880000,2021-05-26 04:30:00 ,34.60,16.00,0.00,2021-05-26,04:30:00
654,45880000,2021-05-26 04:15:00 ,34.60,16.00,0.00,2021-05-26,04:15:00
655,45880000,2021-05-26 04:00:00 ,34.60,16.00,0.00,2021-05-26,04:00:00
656,45880000,2021-05-26 03:45:00 ,34.60,16.00,0.00,2021-05-26,03:45:00
657,45880000,2021-05-26 03:30:00 ,34.60,16.00,0.00,2021-05-26,03:30:00
658,45880000,2021-05-26 03:15:00 ,34.60,16.00,0.00,2021-05-26,03:15:00
659,45880000,2021-05-26 03:00:00 ,34.60,16.00,0.00,2021-05-26,03:00:00
660,45880000,2021-05-26 02:45:00 ,35.16,17.00,0.00,2021-05-26,02:45:00
661,45880000,2021-05-26 02:30:00 ,35.16,17.00,0.00,2021-05-26,02:30:00
662,45880000,2021-05-26 02:15:00 ,35.16,17.00,0.00,2021-05-26,02:15:00
663,45880000,2021-05-26 02:00:00 ,35.16,17.00,0.00,2021-05-26,02:00:00
664,45880000,2021-05-26 01:45:00 ,35.16,17.00,0.00,2021-05-26,01:45:00
665,45880000,2021-05-26 01:30:00 ,35.16,17.00,0.00,2021-05-26,01:30:00
666,45880000,2021-05-26 01:15:00 ,35.16,17.00,0.00,2021-05-26,01:15:00
667,45880000,2021-05-26 01:00:00 ,35.16,17.00,0.00,2021-05-26,01:00:00
668,45880000,2021-05-26 00:45:00 ,35.16,17.00,0.00,2021-05-26,00:45:00
669,45880000,2021-05-26 00:30:00 ,35.16,17.00,0.00,2021-05-26,00:30:00
670,45880000,2021-05-26 00:15:00 ,35.16,17.00,0.00,2021-05-26,00:15:00
671,45880000,2021-05-26 00:00:00 ,35.16,17.00,0.00,2021-05-26,00:00:00
672,45880000,2021-05-25 23:45:00 ,35.16,17.00,0.00,2021-05-25,23:45:00
673,45880000,2021-05-25 23:30:00 ,35.16,17.00,0.00,2021-05-25,23:30:00
674,45880000,2021-05-25 23:15:00 ,35.72,18.00,0.00,2021-05-25,23:15:00
675,45880000,2021-05-25 23:00:00 ,35.16,17.00,0.00,2021-05-25,23:00:00
676,45880000,2021-05-25 22:45:00 ,35.72,18.00,0.00,2021-05-25,22:45:00
677,45880000,2021-05-25 22:30:00 ,35.16,17.00,0.00,2021-05-25,22:30:00
678,45880000,2021-05-25 22:15:00 ,35.16,17.00,0.00,2021-05-25,22:15:00
679,45880000,2021-05-25 22:00:00 ,35.16,17.00,0.00,2021-05-25,22:00:00
680,45880000,2021-05-25 21:45:00 ,35.16,17.00,0.00,2021-05-25,21:45:00
681,45880000,2021-05-25 21:30:00 ,35.16,17.00,0.00,2021-05-25,21:30:00
682,45880000,2021-05-25 21:15:00 ,35.16,17.00,0.00,2021-05-25,21:15:00
683,45880000,2021-05-25 21:00:00 ,35.72,18.00,0.00,2021-05-25,21:00:00
684,45880000,2021-05-25 20:45:00 ,35.16,17.00,0.00,2021-05-25,20:45:00
685,45880000,2021-05-25 20:30:00 ,35.16,17.00,0.00,2021-05-25,20:30:00
686,45880000,2021-05-25 20:15:00 ,35.16,17.00,0.00,2021-05-25,20:15:00
687,45880000,2021-05-25 20:00:00 ,35.16,17.00,0.00,2021-05-25,20:00:00
688,45880000,2021-05-25 19:45:00 ,35.16,17.00,0.00,2021-05-25,19:45:00
689,45880000,2021-05-25 19:30:00 ,35.16,17.00,0.00,2021-05-25,19:30:00
690,45880000,2021-05-25 19:15:00 ,35.16,17.00,0.00,2021-05-25,19:15:00
691,45880000,2021-05-25 19:00:00 ,35.16,17.00,0.00,2021-05-25,19:00:00
692,45880000,2021-05-25 18:45:00 ,35.16,17.00,0.00,2021-05-25,18:45:00
693,45880000,2021-05-25 18:30:00 ,35.16,17.00,0.00,2021-05-25,18:30:00
694,45880000,2021-05-25 18:15:00 ,35.16,17.00,0.00,2021-05-25,18:15:00
695,45880000,2021-05-25 18:00:00 ,35.16,17.00,0.00,2021-05-25,18:00:00
696,45880000,2021-05-25 17:45:00 ,35.72,18.00,0.00,2021-05-25,17:45:00
697,45880000,2021-05-25 17:30:00 ,35.16,17.00,0.40,2021-05-25,17:30:00
698,45880000,2021-05-25 17:15:00 ,,,,2021-05-25,17:15:00
699,45880000,2021-05-25 17:00:00 ,,,,2021-05-25,17:00:00
700,45880000,2021-05-25 16:45:00 ,35.16,17.00,0.00,2021-05-25,16:45:00
701,45880000,2021-05-25 16:30:00 ,35.16,17.00,0.00,2021-05-25,16:30:00
702,45880000,2021-05-25 16:15:00 ,35.16,17.00,0.00,2021-05-25,16:15:00
703,45880000,2021-05-25 16:00:00 ,35.16,17.00,0.00,2021-05-25,16:00:00
704,45880000,2021-05-25 15:45:00 ,35.16,17.00,0.00,2021-05-25,15:45:00
705,45880000,2021-05-25 15:30:00 ,35.16,17.00,,2021-05-25,15:30:00
706,45880000,2021-05-25 15:15:00 ,,,,2021-05-25,15:15:00
707,45880000,2021-05-25 15:00:00 ,,,,2021-05-25,15:00:00
